万荣县混凝土外加剂协会	2019	4
三亚市婚庆旅游行业协会	2019	3
上海区块链技术协会	2019	4
上海医药行业协会	2019	5
上海医药行业协会	2020	2
上海市交通运输行业协会	2019	10
上海市供水行业协会	2019	2
上海市供水行业协会	2020	1
上海市信息家电行业协会	2017	1
上海市信息家电行业协会	2018	2
上海市信息家电行业协会	2019	2
上海市信息系统质量技术协会	2019	1
上海市制冷学会	2019	1
上海市化学建材行业协会	2018	6
上海市化学建材行业协会	2019	12
上海市单用途预付卡协会	2019	3
上海市司法鉴定协会	2018	1
上海市司法鉴定协会	2019	2
上海市司法鉴定理论研究会	2019	1
上海市品牌授权经营企业协会	2019	1
上海市商业联合会	2020	3
上海市多媒体行业协会	2019	1
上海市安装行业协会	2018	2
上海市室内环境净化行业协会	2018	3
上海市室内环境净化行业协会	2019	4
上海市室内环境净化行业协会	2020	1
上海市家具行业协会	2019	1
上海市崇明区河蟹协会	2019	1
上海市工具行业协会	2018	1
上海市工商联国际物流商会	2020	3
上海市工程建设质量管理协会	2019	1
上海市工程建设质量管理协会	2020	3
上海市工程设备监理行业协会	2020	2
上海市康复医学会	2018	1
上海市康复医学会	2019	2
上海市康复医学会	2020	4
上海市康复器具协会	2019	5
上海市建筑五金门窗行业协会	2020	1
上海市建筑材料行业协会	2018	2
上海市建筑材料行业协会	2019	8
上海市建设协会	2017	1
上海市建设协会	2018	19
上海市建设协会	2019	18
上海市建设协会	2020	6
上海市徐汇区食品药品安全协会	2019	2
上海市新材料协会	2019	2
上海市服饰学会	2019	1
上海市标准化协会	2019	2
上海市汽车销售行业协会	2018	1
上海市浦东新区农协会	2018	12
上海市浦东新区女带头人协会	2019	2
上海市浦东新区电子商务行业协会	2019	1
上海市消防协会	2019	4
上海市物流协会	2019	1
上海市物联网行业协会	2018	10
上海市物联网行业协会	2019	8
上海市环境保护工业行业协会	2018	2
上海市环境保护工业行业协会	2019	2
上海市瓜果行业协会	2020	1
上海市电力工程行业协会	2019	1
上海市电子电器技术协会	2019	1
上海市电梯行业协会	2019	3
上海市畜牧兽医学会	2020	5
上海市皮革技术协会	2018	1
上海市皮革技术协会	2019	2
上海市皮革技术协会	2020	1
上海市眼镜行业协会	2018	3
上海市硅酸盐学会	2018	1
上海市硅酸盐学会	2019	2
上海市绿色建筑协会	2019	4
上海市网购商会	2017	1
上海市聚氨酯工业协会	2019	1
上海市肉类行业协会	2019	1
上海市自行车行业协会	2017	2
上海市自行车行业协会	2019	4
上海市自行车行业协会	2020	3
上海市节能工程技术协会	2019	1
上海市节能环保服务业协会	2020	1
上海市装饰装修行业协会	2018	1
上海市装饰装修行业协会	2019	3
上海市计算机行业协会	2018	5
上海市计算机行业协会	2019	9
上海市计量协会	2018	1
上海市计量协会	2019	5
上海市认证协会	2019	5
上海市认证协会	2020	6
上海市设施农业装备行业协会	2019	4
上海市质量技术应用统计学会	2020	1
上海市软件行业协会	2018	4
上海市软件行业协会	2019	5
上海市轻工业协会	2019	1
上海市金山区质量技术协会	2019	1
上海市长宁区旅游协会	2019	1
上海市长宁区社会组织联合会	2020	1
上海市集成电路行业协会	2020	1
上海市青浦区医学会	2019	1
上海市青浦区质量协会	2018	1
上海市青浦区质量协会	2020	1
上海市静安区食品药品安全管理协会	2019	1
上海市食品安全工作联合会	2019	3
上海市食品接触材料协会	2019	1
上海市食品添加剂和配料行业协会	2017	2
上海市食品添加剂和配料行业协会	2018	2
上海市餐饮烹饪行业协会	2017	1
上海市餐饮烹饪行业协会	2018	2
上海市餐饮烹饪行业协会	2019	1
上海市首饰设计协会	2019	1
上海市黄浦区建筑业联合会	2019	1
上海应急消防工程设备行业协会	2018	5
上海应急消防工程设备行业协会	2019	11
上海应急消防工程设备行业协会	2020	2
上海日用化学品行业协会	2017	1
上海日用化学品行业协会	2018	14
上海日用化学品行业协会	2019	13
上海日用化学品行业协会	2020	1
上海涂料染料行业协会	2020	1
上海电器行业协会	2019	1
上海石材行业协会	2017	2
上海石材行业协会	2018	1
上海石材行业协会	2019	2
上海空调清洗行业协会	2019	4
上海粮油行业协会	2020	1
上海蔬菜食用菌行业协会	2019	2
上海防静电工业协会	2017	1
上海防静电工业协会	2018	1
上海防静电工业协会	2019	1
东光县纸箱包装机械制造联合会	2019	1
东兰县大同乡特色水果专业协会	2019	2
东兴市电子商务协会	2019	2
东港市草莓协会	2016	1
东莞健美健身协会	2019	5
东莞市企业代理服务行业协会	2019	5
东莞市体育用品行业协会	2019	2
东莞市安全生产专业服务机构协会	2019	2
东莞市数控刀具行业协会	2019	2
东莞市标准与产业融合促进会	2019	5
东莞市标准化协会	2018	4
东莞市标准化协会	2019	2
东莞市标准化协会	2020	1
东莞市毛纺织行业协会	2018	2
东莞市毛纺织行业协会	2019	2
东莞市清溪旅游协会	2018	2
东莞市清溪旅游协会	2019	3
东莞市港航协会	2017	1
东莞市港航协会	2019	1
东莞市烹饪协会	2019	5
东莞市物流行业协会	2018	1
东莞市物流行业协会	2019	5
东莞市物流行业协会	2020	1
东莞市特种设备行业协会	2019	1
东莞市特种设备行业协会	2020	1
东莞市电力行业协会	2019	1
东莞市科技中介同业公会	2017	1
东莞市科普志愿服务协会	2020	1
东莞市美容美发行业协会	2019	3
东莞市连锁餐饮发展促进会	2020	5
东莞市首席信息官协会	2020	1
东营市垦利区水产业商会	2019	6
东营质量协会	2017	1
东营质量协会	2018	3
东营质量协会	2019	14
东营质量协会	2020	1
东阳市信息产业协会	2016	1
东阳市信息产业协会	2018	2
东阿县阿胶行业协会	2019	1
中关村中交国通智能交通产业联盟	2016	45
中关村中交国通智能交通产业联盟	2017	3
中关村中交国通智能交通产业联盟	2018	11
中关村中交国通智能交通产业联盟	2019	8
中关村中交国通智能交通产业联盟	2020	12
中关村中环地下水污染防控与修复产业联盟	2018	1
中关村中环地下水污染防控与修复产业联盟	2019	1
中关村乐家智慧居住区产业技术联盟	2016	2
中关村乐家智慧居住区产业技术联盟	2018	2
中关村乐家智慧居住区产业技术联盟	2019	2
中关村产融合作与转型促进会	2018	1
中关村体验教育培训科技协会	2019	2
中关村储能产业技术联盟	2018	1
中关村储能产业技术联盟	2019	3
中关村储能产业技术联盟	2020	2
中关村公信卫星应用技术产业联盟	2017	7
中关村军民融合信息装备产业促进会	2019	1
中关村医疗器械产业技术创新联盟	2016	4
中关村医疗器械产业技术创新联盟	2017	2
中关村医疗器械产业技术创新联盟	2019	8
中关村医疗器械产业技术创新联盟	2020	1
中关村半导体照明工程研发及产业联盟（国家半导体照明工程研发及产业联盟）	2016	5
中关村半导体照明工程研发及产业联盟（国家半导体照明工程研发及产业联盟）	2017	27
中关村半导体照明工程研发及产业联盟（国家半导体照明工程研发及产业联盟）	2018	13
中关村半导体照明工程研发及产业联盟（国家半导体照明工程研发及产业联盟）	2019	7
中关村半导体照明工程研发及产业联盟（国家半导体照明工程研发及产业联盟）	2020	5
中关村华清石墨烯产业技术创新联盟	2017	1
中关村华清石墨烯产业技术创新联盟	2018	2
中关村华清石墨烯产业技术创新联盟	2019	5
中关村华清石墨烯产业技术创新联盟	2020	1
中关村国检电子商务数据产业协会	2017	3
中关村国检电子商务数据产业协会	2019	1
中关村天合宽禁带半导体技术创新联盟	2018	4
中关村天合宽禁带半导体技术创新联盟	2019	9
中关村工业互联网产业联盟	2020	1
中关村思德智能健康养老产业联盟	2020	2
中关村新兴科技服务业产业联盟	2019	3
中关村无线网络安全产业联盟	2017	9
中关村无线网络安全产业联盟	2019	5
中关村智慧城市信息化产业联盟	2019	2
中关村智慧环境产业联盟	2019	2
中关村智联软件服务业质量创新联盟	2017	2
中关村智联软件服务业质量创新联盟	2018	2
中关村智联软件服务业质量创新联盟	2020	2
中关村智能终端操作系统产业联盟	2018	3
中关村智能终端操作系统产业联盟	2019	1
中关村智通智能交通产业联盟	2018	3
中关村智通智能交通产业联盟	2019	4
中关村智通智能交通产业联盟	2020	1
中关村材料试验技术联盟	2018	76
中关村材料试验技术联盟	2019	54
中关村材料试验技术联盟	2020	46
中关村标准化协会	2017	7
中关村标准化协会	2018	11
中关村标准化协会	2019	12
中关村标准化协会	2020	19
中关村核心区科技服务业发展促进会	2017	1
中关村汇智抗菌新材料产业技术创新联盟	2019	3
中关村汇智抗菌新材料产业技术创新联盟	2020	6
中关村物联网产业联盟	2019	1
中关村物联网产业联盟	2020	4
中关村玖泰药物临床试验技术创新联盟	2017	2
中关村玖泰药物临床试验技术创新联盟	2019	6
中关村现代信息消费应用产业技术联盟	2018	5
中关村现代信息消费应用产业技术联盟	2019	1
中关村生态乡村创新服务联盟	2018	5
中关村生态乡村创新服务联盟	2019	8
中关村石墨烯产业联盟	2018	3
中关村石墨烯产业联盟	2019	3
中关村空间信息产业技术联盟	2018	6
中关村空间信息产业技术联盟	2019	6
中关村紫能生物质燃气产业联盟	2018	2
中关村紫能生物质燃气产业联盟	2019	4
中关村绿色冷链物流产业联盟	2016	1
中关村绿色冷链物流产业联盟	2018	1
中关村绿色矿山产业联盟	2019	1
中关村绿色矿山产业联盟	2020	1
中关村绿谷生态农业产业联盟	2018	1
中关村绿谷生态农业产业联盟	2019	11
中关村绿谷生态农业产业联盟	2020	1
中关村网络安全与信息化产业联盟	2018	2
中关村网络安全与信息化产业联盟	2019	4
中关村肾病血液净化创新联盟	2020	3
中关村肿瘤微创治疗产业技术创新战略联盟	2017	2
中关村肿瘤微创治疗产业技术创新战略联盟	2020	1
中关村视听产业技术创新联盟	2018	8
中关村视听产业技术创新联盟	2020	1
中关村视界裸眼立体信息产业联盟	2017	5
中关村视界裸眼立体信息产业联盟	2020	1
中关村车载信息服务产业应用联盟	2017	8
中关村车载信息服务产业应用联盟	2019	6
中关村车载信息服务产业应用联盟	2020	5
中关村轨道交通视频与安全产业技术联盟	2019	2
中关村轨道交通视频与安全产业技术联盟	2020	1
中关村量子生物农业产业技术创新战略联盟	2019	1
中关村集创数字产城联盟	2018	1
中关村集成电路材料产业技术创新联盟	2019	2
中关村集成电路材料产业技术创新联盟	2020	1
中华中医药学会	2018	11
中华中医药学会	2019	184
中华中医药学会	2020	229
中华全国工商业联合会家具装饰业商会	2018	3
中华全国工商业联合会家具装饰业商会	2019	4
中华口腔医学会	2018	4
中华口腔医学会	2020	10
中卫市矮砧密植有机苹果种植技术协会	2019	3
中国世界电影学会	2018	17
中国丝绸协会	2019	1
中国丝绸协会	2020	3
中国中医药信息学会	2019	72
中国中医药研究促进会	2020	1
中国中小企业协会	2020	4
中国中小商业企业协会	2018	3
中国中小商业企业协会	2019	1
中国中小商业企业协会	2020	3
中国中药协会	2017	4
中国中药协会	2018	6
中国中药协会	2019	4
中国互联网上网服务行业协会	2018	2
中国互联网上网服务行业协会	2019	1
中国互联网上网服务行业协会	2020	2
中国互联网金融协会	2017	5
中国互联网金融协会	2019	1
中国五金交电化工商业协会	2018	15
中国五金交电化工商业协会	2019	7
中国五金制品协会	2017	6
中国五金制品协会	2018	5
中国五金制品协会	2019	11
中国交通企业管理协会	2016	5
中国交通企业管理协会	2017	8
中国交通企业管理协会	2018	2
中国交通企业管理协会	2019	17
中国交通教育研究会	2020	1
中国产业用纺织品行业协会	2017	5
中国产业用纺织品行业协会	2019	1
中国产业用纺织品行业协会	2020	1
中国产学研合作促进会	2016	13
中国产学研合作促进会	2017	35
中国产学研合作促进会	2018	25
中国产学研合作促进会	2019	35
中国产学研合作促进会	2020	21
中国仓储与配送协会	2017	3
中国仓储与配送协会	2019	2
中国仓储与配送协会	2020	1
中国仪器仪表学会	2016	2
中国仪器仪表学会	2018	2
中国仪器仪表学会	2019	1
中国仪器仪表学会	2020	2
中国仪器仪表行业协会	2019	1
中国仪器仪表行业协会	2020	8
中国企业国有产权交易机构协会	2020	5
中国企业财务管理协会	2018	4
中国企业财务管理协会	2019	1
中国优质农产品开发服务协会	2019	3
中国体育场馆协会	2017	1
中国体育场馆协会	2018	1
中国体育用品业联合会	2018	1
中国体育用品业联合会	2019	4
中国体育用品业联合会	2020	2
中国保健协会	2020	1
中国保险行业协会	2016	2
中国信息协会	2018	2
中国信息协会	2019	4
中国健康管理协会	2019	8
中国光伏行业协会	2018	6
中国光伏行业协会	2019	21
中国光伏行业协会	2020	5
中国公路学会	2018	7
中国公路学会	2020	2
中国兽医协会	2019	13
中国兽药协会	2020	6
中国再生资源回收利用协会	2017	3
中国农业国际合作促进会	2018	2
中国农业国际合作促进会	2020	1
中国农业机械化协会	2019	22
中国农业机械化协会	2020	7
中国农业机械学会	2018	26
中国农业机械学会	2019	22
中国农业机械学会	2020	23
中国农业机械工业协会	2017	10
中国农业机械工业协会	2018	12
中国农业机械工业协会	2019	24
中国农业机械工业协会	2020	12
中国农业机械流通协会	2017	2
中国农业机械流通协会	2019	5
中国农业生产资料流通协会	2020	1
中国农垦经贸流通协会	2019	1
中国农药工业协会	2017	1
中国农药工业协会	2019	22
中国农药工业协会	2020	30
中国冶金建设协会	2020	2
中国出入境检验检疫协会	2020	3
中国分析测试协会	2017	10
中国制冷学会	2019	2
中国制笔协会	2017	1
中国制笔协会	2019	5
中国副食流通协会	2019	4
中国动物园协会	2019	6
中国包装联合会	2018	7
中国化学与物理电源行业协会	2018	4
中国化学与物理电源行业协会	2020	2
中国化学品安全协会	2017	1
中国化学品安全协会	2018	1
中国化学品安全协会	2019	2
中国化学品安全协会	2020	1
中国化学纤维工业协会	2017	10
中国化学试剂工业协会	2019	8
中国化学试剂工业协会	2020	9
中国化工企业管理协会	2019	1
中国化工企业管理协会	2020	1
中国医学救援协会	2018	3
中国医学救援协会	2019	29
中国医学装备协会	2019	10
中国医学装备协会	2020	2
中国医疗保健国际交流促进会	2016	1
中国医疗器械行业协会	2018	18
中国医疗器械行业协会	2019	11
中国医疗器械行业协会	2020	9
中国医药保健品进出口商会	2018	25
中国医药保健品进出口商会	2019	29
中国医药包装协会	2017	5
中国医药包装协会	2019	5
中国医药包装协会	2020	1
中国医药商业协会	2020	2
中国医药物资协会	2018	1
中国医院协会	2018	4
中国医院协会	2019	17
中国卫生信息与健康医疗大数据学会	2019	1
中国卫生有害生物防制协会	2016	2
中国卫生有害生物防制协会	2018	2
中国卫生有害生物防制协会	2019	1
中国卫生有害生物防制协会	2020	1
中国卫生监督协会	2019	2
中国卫生监督协会	2020	3
中国印制电路行业协会	2016	19
中国印制电路行业协会	2017	2
中国印制电路行业协会	2018	2
中国印制电路行业协会	2019	2
中国印制电路行业协会	2020	1
中国印刷及设备器材工业协会	2018	1
中国印刷及设备器材工业协会	2019	3
中国印刷及设备器材工业协会	2020	1
中国印刷技术协会	2016	3
中国印刷技术协会	2019	1
中国印章行业协会	2017	5
中国口腔清洁护理用品工业协会	2018	2
中国口腔清洁护理用品工业协会	2019	1
中国可再生能源学会	2018	3
中国可再生能源学会	2020	3
中国合成树脂供销协会	2020	4
中国品牌建设促进会	2019	2
中国品牌建设促进会	2020	8
中国商业经济学会	2019	1
中国商业联合会	2018	9
中国商业联合会	2019	19
中国商业联合会	2020	12
中国国防工业企业协会	2019	1
中国国际贸易促进委员会商业行业委员会	2017	7
中国国际贸易促进委员会商业行业委员会	2018	12
中国国际贸易促进委员会商业行业委员会	2019	12
中国国际贸易促进委员会商业行业委员会	2020	8
中国图学学会	2019	5
中国地理信息产业协会	2019	1
中国地质灾害防治工程行业协会	2019	7
中国地震学会	2020	1
中国垒球协会	2020	1
中国城市公共交通协会	2018	1
中国城市公共交通协会	2020	2
中国城市商业网点建设管理联合会	2018	1
中国城市燃气协会	2017	1
中国城市燃气协会	2018	2
中国城市燃气协会	2019	4
中国城市环境卫生协会	2019	2
中国城市环境卫生协会	2020	2
中国城市科学研究会	2019	6
中国城市科学研究会	2020	3
中国城市规划学会	2018	2
中国城市轨道交通协会	2019	64
中国城市轨道交通协会	2020	20
中国基建物资租赁承包协会	2016	3
中国基建物资租赁承包协会	2020	1
中国复合材料工业协会	2018	1
中国复合材料工业协会	2019	1
中国天然橡胶协会	2019	1
中国宇航学会	2020	16
中国安全产业协会	2018	1
中国安全防范产品行业协会	2019	1
中国实验动物学会	2018	63
中国室内装饰协会	2017	1
中国室内装饰协会	2020	1
中国家具协会	2017	5
中国家具协会	2020	4
中国家用电器协会	2017	1
中国家用电器协会	2018	4
中国家用电器协会	2019	6
中国家用电器协会	2020	9
中国家用电器服务维修协会	2018	2
中国家用纺织品行业协会	2019	5
中国家用纺织品行业协会	2020	6
中国对外承包工程商会	2018	3
中国工业气体工业协会	2018	3
中国工业气体工业协会	2019	12
中国工业气体工业协会	2020	3
中国工业清洗协会	2018	1
中国工业节能与清洁生产协会	2020	4
中国工业防腐蚀技术协会	2018	5
中国工业防腐蚀技术协会	2019	3
中国工业防腐蚀技术协会	2020	1
中国工程建设标准化协会	2017	35
中国工程建设标准化协会	2018	10
中国工程建设标准化协会	2019	152
中国工程建设标准化协会	2020	1
中国工程机械工业协会	2020	69
中国市场学会	2017	3
中国广告协会	2020	4
中国康复辅助器具协会	2019	8
中国康复辅助器具协会	2020	3
中国建筑业协会	2018	2
中国建筑业协会	2019	9
中国建筑业协会	2020	8
中国建筑卫生陶瓷协会	2017	1
中国建筑卫生陶瓷协会	2018	4
中国建筑卫生陶瓷协会	2019	9
中国建筑卫生陶瓷协会	2020	1
中国建筑文化研究会	2019	1
中国建筑材料流通协会	2016	1
中国建筑材料流通协会	2018	5
中国建筑材料流通协会	2020	3
中国建筑材料联合会	2017	17
中国建筑材料联合会	2019	40
中国建筑材料联合会	2020	12
中国建筑玻璃与工业玻璃协会	2017	1
中国建筑玻璃与工业玻璃协会	2018	6
中国建筑玻璃与工业玻璃协会	2019	7
中国建筑装饰协会	2018	18
中国建筑装饰协会	2019	5
中国建筑装饰协会	2020	11
中国建筑装饰装修材料协会	2018	8
中国建筑装饰装修材料协会	2019	3
中国建筑装饰装修材料协会	2020	5
中国建筑金属结构协会	2019	4
中国建筑金属结构协会	2020	1
中国建筑防水协会	2020	1
中国建设劳动学会	2019	16
中国循环经济协会	2017	9
中国循环经济协会	2018	1
中国循环经济协会	2019	6
中国总会计师协会	2018	3
中国总会计师协会	2019	1
中国手球协会	2020	1
中国技术市场协会	2017	3
中国技术市场协会	2018	4
中国技术市场协会	2019	14
中国技术市场协会	2020	5
中国技术监督情报协会	2018	4
中国技术监督情报协会	2019	4
中国技术监督情报协会	2020	2
中国技术经济学会	2019	1
中国技术经济学会	2020	5
中国报业协会	2019	1
中国拍卖行业协会	2017	1
中国招标投标协会	2019	1
中国指挥与控制学会	2018	6
中国指挥与控制学会	2020	5
中国探险协会	2019	2
中国支付清算协会	2018	3
中国支付清算协会	2019	2
中国收藏家协会	2019	1
中国收藏家协会	2020	2
中国教育后勤协会	2016	1
中国教育后勤协会	2019	2
中国教育学会	2018	2
中国教育装备行业协会	2018	6
中国教育装备行业协会	2019	6
中国散装水泥推广发展协会	2019	3
中国整形美容协会	2020	1
中国文化信息协会	2017	10
中国文化信息协会	2018	2
中国文化信息协会	2019	7
中国文教体育用品协会	2017	2
中国文教体育用品协会	2018	21
中国文教体育用品协会	2019	7
中国新闻技术工作者联合会	2019	2
中国施工企业管理协会	2018	4
中国旅行社协会	2019	2
中国无机盐工业协会	2016	1
中国无机盐工业协会	2018	1
中国无机盐工业协会	2019	1
中国无线电协会	2017	9
中国日用杂品工业协会	2020	1
中国旧货业协会	2017	4
中国曲棍球协会	2019	1
中国有色金属工业协会	2018	5
中国服务贸易协会	2018	1
中国服装协会	2019	5
中国服装协会	2020	5
中国木材与木制品流通协会	2016	1
中国木材与木制品流通协会	2017	1
中国木材与木制品流通协会	2018	3
中国木材与木制品流通协会	2019	3
中国机床工具工业协会	2020	11
中国机械制造工艺协会	2019	22
中国机械制造工艺协会	2020	1
中国机械工业质量管理协会	2017	1
中国机械工业质量管理协会	2018	1
中国机械工程学会	2017	2
中国机械工程学会	2019	9
中国机电装备维修与改造技术协会	2019	3
中国机电装备维修与改造技术协会	2020	1
中国林业与环境促进会	2016	10
中国林业与环境促进会	2017	5
中国林业产业联合会	2018	1
中国林业产业联合会	2019	6
中国林业产业联合会	2020	3
中国林业生态发展促进会	2019	3
中国林产工业协会	2018	7
中国林学会	2018	1
中国林学会	2019	10
中国林学会	2020	10
中国染料工业协会	2019	6
中国标准化协会	2016	23
中国标准化协会	2017	19
中国标准化协会	2018	59
中国标准化协会	2019	67
中国标准化协会	2020	16
中国核学会	2017	2
中国核学会	2018	7
中国核学会	2019	6
中国核学会	2020	6
中国检验检疫学会	2017	2
中国检验检疫学会	2018	32
中国检验检疫学会	2020	1
中国棉纺织行业协会	2018	1
中国棒球协会	2020	1
中国模具工业协会	2019	1
中国模板脚手架协会	2017	4
中国模板脚手架协会	2018	1
中国橡胶工业协会	2016	3
中国橡胶工业协会	2017	2
中国橡胶工业协会	2018	6
中国橡胶工业协会	2020	5
中国残疾人康复协会	2020	4
中国民族卫生协会	2017	2
中国民族卫生协会	2018	1
中国民族卫生协会	2019	1
中国民族建筑研究会	2018	1
中国民族贸易促进会	2018	2
中国民族贸易促进会	2019	2
中国民间中医医药研究开发协会	2019	4
中国气象服务协会	2017	3
中国气象服务协会	2018	5
中国气象服务协会	2019	6
中国气象服务协会	2020	2
中国氟硅有机材料工业协会	2017	4
中国氟硅有机材料工业协会	2018	9
中国氟硅有机材料工业协会	2019	34
中国氟硅有机材料工业协会	2020	11
中国水产流通与加工协会	2018	2
中国水利企业协会	2019	1
中国水利企业协会	2020	4
中国水利学会	2017	5
中国水利学会	2018	6
中国水利学会	2019	6
中国水利学会	2020	1
中国水利工程协会	2017	4
中国水利工程协会	2018	1
中国水利工程协会	2019	5
中国水利水电勘测设计协会	2018	2
中国水利水电勘测设计协会	2019	1
中国水利水电勘测设计协会	2020	2
中国水利电力物资流通协会	2019	1
中国水利电力物资流通协会	2020	2
中国水泥协会	2018	6
中国水泥协会	2019	2
中国水泥协会	2020	4
中国汽车工业协会	2019	9
中国汽车工业协会	2020	3
中国汽车工程学会	2017	2
中国汽车工程学会	2018	23
中国汽车工程学会	2019	7
中国汽车工程学会	2020	31
中国汽车流通协会	2016	5
中国汽车流通协会	2017	2
中国汽车流通协会	2018	3
中国汽车流通协会	2020	4
中国洗涤用品工业协会	2019	2
中国海洋工程咨询协会	2020	14
中国涂料工业协会	2017	1
中国涂料工业协会	2018	9
中国涂料工业协会	2019	4
中国涂料工业协会	2020	1
中国消费品质量安全促进会	2019	5
中国淀粉工业协会	2018	1
中国淀粉工业协会	2019	1
中国淀粉工业协会	2020	2
中国混凝土与水泥制品协会	2019	7
中国渔船渔机渔具行业协会	2019	3
中国游艺机游乐园协会	2017	1
中国游艺机游乐园协会	2019	1
中国潜水打捞行业协会	2017	13
中国潜水打捞行业协会	2018	5
中国潜水打捞行业协会	2019	3
中国炭素行业协会	2019	2
中国热处理行业协会	2019	2
中国烹饪协会	2017	3
中国烹饪协会	2018	8
中国烹饪协会	2019	3
中国焊接协会	2018	2
中国焊接协会	2019	10
中国焊接协会	2020	3
中国焙烤食品糖制品工业协会	2019	1
中国煤炭加工利用协会	2020	2
中国煤炭工业协会	2018	1
中国照明学会	2017	11
中国照明学会	2020	5
中国照明电器协会	2018	1
中国照明电器协会	2019	2
中国照明电器协会	2020	1
中国爆破行业协会	2019	4
中国物业管理协会	2020	6
中国物流与采购联合会	2017	2
中国物流与采购联合会	2018	13
中国物流与采购联合会	2019	9
中国物流与采购联合会	2020	2
中国物资再生协会	2017	13
中国物资再生协会	2018	11
中国物资再生协会	2019	1
中国物资再生协会	2020	3
中国特种设备安全与节能促进会	2017	1
中国特种设备检验协会	2016	2
中国特种设备检验协会	2019	8
中国特钢企业协会	2017	8
中国特钢企业协会	2019	35
中国玩具和婴童用品协会	2016	1
中国玩具和婴童用品协会	2019	1
中国环境保护产业协会	2017	15
中国环境保护产业协会	2019	6
中国环境保护产业协会	2020	8
中国环境科学学会	2018	2
中国环境科学学会	2019	6
中国玻璃纤维工业协会	2019	1
中国珠宝玉石首饰行业协会	2019	5
中国理货协会	2019	2
中国生产力学会	2019	1
中国生殖健康产业协会	2019	1
中国生物医学工程学会	2018	3
中国生物医学工程学会	2019	8
中国生物医学工程学会	2020	9
中国生物发酵产业协会	2017	7
中国生物发酵产业协会	2020	3
中国生物多样性保护与绿色发展基金会	2018	2
中国生物多样性保护与绿色发展基金会	2019	2
中国电力企业联合会	2016	35
中国电力企业联合会	2017	3
中国电力企业联合会	2018	22
中国电力规划设计协会	2018	5
中国电力规划设计协会	2019	2
中国电力规划设计协会	2020	2
中国电力设备管理协会	2017	1
中国电器工业协会	2016	42
中国电器工业协会	2017	16
中国电器工业协会	2018	38
中国电器工业协会	2019	75
中国电器工业协会	2020	54
中国电子仪器行业协会	2017	1
中国电子信息行业联合会	2020	1
中国电子元件行业协会	2016	1
中国电子元件行业协会	2017	1
中国电子元件行业协会	2018	3
中国电子元件行业协会	2019	4
中国电子商会	2017	1
中国电子商会	2018	1
中国电子商会	2019	2
中国电子商会	2020	1
中国电子学会	2016	2
中国电子学会	2017	8
中国电子学会	2018	4
中国电子学会	2019	5
中国电子工业标准化技术协会	2018	6
中国电子工业标准化技术协会	2019	32
中国电子工业标准化技术协会	2020	3
中国电子材料行业协会	2017	3
中国电子材料行业协会	2018	14
中国电子材料行业协会	2019	3
中国电子节能技术协会	2019	1
中国电子节能技术协会	2020	4
中国电子装备技术开发协会	2018	2
中国电子装备技术开发协会	2020	33
中国电子视像行业协会	2016	4
中国电子视像行业协会	2017	9
中国电子视像行业协会	2018	67
中国电子视像行业协会	2019	10
中国电子视像行业协会	2020	1
中国电子质量管理协会	2018	6
中国电子质量管理协会	2019	8
中国电子音响行业协会	2019	2
中国电工技术学会	2018	27
中国电工技术学会	2019	7
中国电影电视技术学会	2018	5
中国电机工程学会	2017	24
中国电机工程学会	2018	12
中国电机工程学会	2020	36
中国电梯协会	2019	10
中国电源学会	2019	16
中国畜产品加工研究会	2018	4
中国畜产品流通协会	2018	6
中国畜牧业协会	2019	22
中国疏浚协会	2020	1
中国石材协会	2020	12
中国石油和化学工业联合会	2018	17
中国石油和化学工业联合会	2019	9
中国石油和化学工业联合会	2020	13
中国石油和化工勘察设计协会	2019	3
中国研究型医院学会	2019	2
中国砖瓦工业协会	2018	1
中国社会福利与养老服务协会	2019	12
中国社会艺术协会	2017	3
中国社会艺术协会	2018	2
中国科技产业化促进会	2017	1
中国科技产业化促进会	2018	15
中国科技产业化促进会	2019	7
中国科技产业化促进会	2020	8
中国稀土学会	2017	2
中国稀土学会	2018	3
中国稀土行业协会	2017	1
中国稀土行业协会	2019	3
中国管理科学学会	2019	1
中国纺织品商业协会	2016	1
中国纺织品商业协会	2017	1
中国纺织品商业协会	2018	2
中国纺织品商业协会	2019	2
中国纺织品商业协会	2020	3
中国纺织工业联合会	2018	34
中国纺织工业联合会	2019	14
中国纺织工业联合会	2020	14
中国纺织工程学会	2017	1
中国纺织工程学会	2018	5
中国纺织工程学会	2019	14
中国纺织工程学会	2020	5
中国缝制机械协会	2019	5
中国罐头工业协会	2019	1
中国罐头工业协会	2020	1
中国羽绒工业协会	2019	4
中国老年保健医学研究会	2019	4
中国老年医学学会	2018	1
中国老年医学学会	2019	7
中国老年医学学会	2020	2
中国老龄产业协会	2019	3
中国耐火材料行业协会	2017	5
中国耐火材料行业协会	2018	5
中国耐火材料行业协会	2019	1
中国联合国采购促进会	2019	1
中国肉类协会	2018	1
中国肉类协会	2019	1
中国肢残人协会	2018	2
中国肢残人协会	2019	1
中国能源研究会	2018	4
中国腐植酸工业协会	2019	5
中国腐植酸工业协会	2020	2
中国腐蚀与防护学会	2018	52
中国腐蚀与防护学会	2019	1
中国膜工业协会	2017	1
中国自动识别技术协会	2017	1
中国自行车协会	2018	1
中国自行车协会	2020	2
中国航空器拥有者及驾驶员协会	2017	2
中国航空器拥有者及驾驶员协会	2018	15
中国航空器拥有者及驾驶员协会	2019	14
中国航空器拥有者及驾驶员协会	2020	1
中国航空航天工具协会	2019	2
中国航空运输协会	2019	4
中国航空运输协会	2020	2
中国节能协会	2016	9
中国节能协会	2018	8
中国茶叶学会	2018	1
中国茶叶学会	2019	4
中国茶叶学会	2020	1
中国茶叶流通协会	2017	1
中国茶叶流通协会	2018	1
中国茶叶流通协会	2019	3
中国茶叶流通协会	2020	4
中国药文化研究会	2019	1
中国药膳研究会	2020	1
中国菌物学会	2019	1
中国菱镁行业协会	2016	3
中国菱镁行业协会	2017	2
中国营养保健食品协会	2020	1
中国蜂产品协会	2016	1
中国蜂产品协会	2020	1
中国行政区划与区域发展促进会	2020	1
中国表面工程协会	2017	2
中国表面工程协会	2018	6
中国表面工程协会	2019	6
中国计算机用户协会	2019	3
中国计算机用户协会	2020	2
中国计量协会	2016	2
中国计量协会	2017	6
中国计量协会	2018	2
中国计量协会	2019	6
中国计量协会	2020	7
中国认证认可协会	2017	1
中国认证认可协会	2018	33
中国认证认可协会	2020	1
中国设备监理协会	2019	4
中国设备管理协会	2018	2
中国质量万里行促进会	2017	2
中国质量万里行促进会	2018	1
中国质量万里行促进会	2019	6
中国质量万里行促进会	2020	2
中国质量协会	2016	5
中国质量协会	2017	3
中国质量协会	2018	2
中国质量协会	2019	2
中国质量协会	2020	3
中国质量检验协会	2016	2
中国质量检验协会	2017	25
中国质量检验协会	2018	11
中国质量检验协会	2019	43
中国质量检验协会	2020	17
中国软件行业协会	2017	2
中国软件行业协会	2018	5
中国软件行业协会	2019	16
中国轻工业联合会	2020	9
中国输血协会	2019	8
中国连锁经营协会	2020	3
中国通信企业协会	2019	19
中国通信企业协会	2020	5
中国通信工业协会	2017	2
中国通信工业协会	2018	8
中国通信工业协会	2019	7
中国通信工业协会	2020	8
中国通信标准化协会	2020	6
中国通用机械工业协会	2017	1
中国通用机械工业协会	2018	3
中国通用机械工业协会	2019	5
中国造船工程学会	2019	5
中国酒业协会	2018	2
中国酒业协会	2019	8
中国金属材料流通协会	2017	1
中国金属材料流通协会	2018	2
中国金属材料流通协会	2019	3
中国针织工业协会	2019	4
中国钢铁工业协会	2018	7
中国钢铁工业协会	2020	11
中国银行业协会	2018	2
中国铸造协会	2016	22
中国铸造协会	2017	8
中国铸造协会	2018	3
中国铸造协会	2019	2
中国铸造协会	2020	23
中国锅炉与锅炉水处理协会	2019	2
中国锅炉水处理协会	2016	3
中国锅炉水处理协会	2018	1
中国锻压协会	2019	1
中国锻压协会	2020	3
中国防伪行业协会	2020	1
中国陶瓷工业协会	2018	1
中国陶瓷工业协会	2019	2
中国非公立医疗机构协会	2018	1
中国非公立医疗机构协会	2019	2
中国非公立医疗机构协会	2020	3
中国音像与数字出版协会	2019	6
中国颗粒学会	2018	4
中国颗粒学会	2019	2
中国风景园林学会	2020	3
中国食品和包装机械工业协会	2019	2
中国食品土畜进出口商会	2019	1
中国食品工业协会	2017	1
中国食品工业协会	2018	11
中国食品工业协会	2019	16
中国食品添加剂和配料协会	2019	1
中国食品药品企业质量安全促进会	2019	7
中国饭店协会	2020	5
中国饮料工业协会	2017	1
中国饮料工业协会	2018	3
中国饮料工业协会	2019	1
中国饲料工业协会	2018	2
中国香料香精化妆品工业协会	2019	29
中国香料香精化妆品工业协会	2020	7
中国马业协会	2019	1
中山市化工学会	2018	4
中山市化工学会	2019	5
中山市医学会	2019	5
中山市半导体照明行业协会	2019	8
中山市咖啡协会	2019	1
中山市智能家居产业促进会	2019	1
中山市智能家居产业促进会	2020	1
中山市沉香协会	2020	1
中山市河源商会	2018	3
中山市照明电器行业协会	2019	3
中山市红木家具行业协会	2019	4
中山市红木家具行业协会	2020	4
中山市纺织工程学会	2019	3
中山市纺织工程学会	2020	3
中山市脚轮行业协会	2019	3
中山市质量技术协会	2019	2
中山市质量技术协会	2020	2
中山市锁业协会	2019	1
中山市门业协会	2018	3
中山市门业协会	2020	4
中山市食品学会	2020	3
临朐县铝型材行业协会	2019	1
临沂商城总商会	2020	1
临沂市食品工业协会	2018	2
临沂市食品工业协会	2019	10
临沂市食品工业协会	2020	1
临沭县消费者协会	2018	4
临沭县消费者协会	2019	1
临海市休闲用品行业协会	2019	5
临海市眼镜行业协会	2018	1
临海市茶叶产业农民合作经济组织联合会	2020	1
临海市食品安全促进会	2019	3
临清市先锋办事处瓜果蔬菜桑产业协会	2020	1
丹东市宝玉石协会	2019	1
丹东市环境保护产业协会	2019	1
丹东市环境保护产业协会	2020	3
丹东市电梯行业协会	2017	4
丹阳市眼镜商会	2018	1
丹阳市眼镜商会	2019	1
丽水市生态农业协会	2017	9
丽水市生态农业协会	2018	14
丽水市生态农业协会	2019	28
丽水市竹产业协会	2020	1
丽江市古城区大研古城客栈经营者协会	2018	2
丽江市旅游协会	2017	1
义乌市中国小商品城商会	2019	4
义乌市制笔行业协会	2018	1
义乌市制笔行业协会	2019	1
义乌市文化用品行业协会	2018	1
义乌市枣业协会	2019	4
义乌市红糖产业协会	2017	2
乌海市葡萄与葡萄酒产业协会	2019	2
乌鲁木齐特种设备协会	2018	1
乌鲁木齐经济技术开发区（头屯河区）装备制造业发展促进会	2017	1
乐山市环境保护产业商会	2018	1
乐山市环境保护产业商会	2020	1
乐山市金口河区老鹰茶行业协会	2019	1
乐山市金口河区高山中药材种植协会	2019	2
乐清市头盔行业协会	2019	1
乐清市小型断路器行业协会	2017	1
乐清市小型断路器行业协会	2018	1
云南品牌企业促进会	2018	1
云南省农业机械学会	2018	1
云南省勘察设计协会	2019	1
云南省包装行业协会	2018	2
云南省古树普洱茶收藏研究会	2018	2
云南省商标协会	2019	1
云南省建设工程造价协会	2018	1
云南省智慧城市集成服务商协会	2019	2
云南省林业产业协会	2019	1
云南省标准化协会	2018	4
云南省标准化协会	2019	12
云南省森林资源评估协会	2019	1
云南省物流学会	2019	2
云南省纺织协会	2019	3
云南省设备监理协会	2020	1
云南省质量检验协会	2020	1
云南省车用新型燃料行业协会	2017	3
云南省车用新型燃料行业协会	2018	14
云南省车用新型燃料行业协会	2019	2
云南省防水防腐保温行业协会	2017	1
云南省餐饮与美食行业协会	2018	8
云南省餐饮与美食行业协会	2019	20
云南省餐饮与美食行业协会	2020	1
云和县农家乐协会	2018	1
五峰茶业协会	2018	1
井研县柑橘协会	2019	1
仪陇县农特产品协会	2019	3
仪陇县客家联谊会	2019	3
余姚市五金制品协会	2018	1
余姚市化妆品包装行业协会	2018	1
余庆县茶叶协会	2018	4
佛山市三水区装修行业协会	2018	2
佛山市三水区铝加工行业协会	2019	1
佛山市三水区铝加工行业协会	2020	3
佛山市企业征信建设促进会	2019	1
佛山市南海区全铝家居行业协会	2018	2
佛山市南海区全铝家居行业协会	2019	2
佛山市南海区半导体照明标准联盟促进会	2018	5
佛山市南海区半导体照明标准联盟促进会	2019	8
佛山市南海区园林协会	2019	5
佛山市南海区家具行业协会	2019	3
佛山市南海区机动车维修行业协会	2019	2
佛山市南海区模具协会	2019	4
佛山市南海区汽车行业协会	2019	3
佛山市南海区物业管理行业协会	2018	1
佛山市南海区物业管理行业协会	2019	1
佛山市南海区物业管理行业协会	2020	1
佛山市南海区特种设备协会	2017	3
佛山市南海区电光源灯饰照明行业协会	2018	2
佛山市南海区电风扇行业协会	2018	2
佛山市南海区电风扇行业协会	2019	3
佛山市南海区纺织行业协会	2019	5
佛山市南海区纺织行业协会	2020	4
佛山市南海区装配式墙体行业协会	2019	4
佛山市南海区西樵卫生用品行业协会	2019	2
佛山市南海区铝型材行业协会	2018	3
佛山市南海区铝型材行业协会	2019	7
佛山市南海区鞋业行业协会	2018	1
佛山市南海区鞋业行业协会	2019	1
佛山市南海区食品行业协会	2019	9
佛山市工程保证金管理协会	2020	3
佛山市标准化协会	2017	2
佛山市标准化协会	2018	27
佛山市标准化协会	2019	15
佛山市标准化协会	2020	2
佛山市清洁生产与低碳经济协会	2019	3
佛山市环卫清洁行业协会	2017	2
佛山市电源行业协会	2018	1
佛山市电源行业协会	2019	1
佛山市禅城区质量技术协会	2017	1
佛山市禅城区质量技术协会	2019	3
佛山市美容行业协会	2019	1
佛山市老字号协会	2019	1
佛山市质量管理协会	2017	1
佛山市连锁企业协会	2018	1
佛山市连锁企业协会	2019	1
佛山市金属材料行业协会	2018	2
佛山市金属材料行业协会	2019	3
佛山市陶瓷行业协会	2019	5
佛山市陶瓷行业协会	2020	11
佛山市顺德区产品质量促进会	2019	4
佛山市顺德区产品质量促进会	2020	3
佛山市顺德区家具协会	2020	1
佛山市顺德区家居五金协会	2019	5
佛山市顺德区家电商会	2018	1
佛山市顺德区家电商会	2020	1
佛山市顺德区慈善组织联合会	2020	1
佛山市顺德区标准化协会	2017	3
佛山市顺德区标准化协会	2018	11
佛山市顺德区水产商会	2018	2
佛山市顺德区涂料商会	2020	2
佛山市顺德区照明电工协会	2018	1
佛山市顺德区特种设备协会	2020	1
佛山市顺德区通风设备商会	2019	1
佛山市顺德区食品商会	2018	2
佛山市顺德区食品商会	2019	1
佛山市顺德区饮食协会	2020	1
佛山市食品行业协会	2017	1
佛山市食品行业协会	2018	1
佛山市高明区塑料行业协会	2020	3
佛山市高明区民营企业协会	2018	2
信宜市质量协会	2019	2
克拉玛依市白碱滩区石油化工行业协会	2016	14
克拉玛依市白碱滩区石油化工行业协会	2017	1
全国卫生产业企业管理协会	2017	3
全国卫生产业企业管理协会	2018	3
全国卫生产业企业管理协会	2019	12
全国卫生产业企业管理协会	2020	2
全国商业消防与安全协会	2019	1
全国城市农贸中心联合会	2018	3
全国城市工业品贸易中心联合会	2019	4
全国城市工业品贸易中心联合会	2020	4
全国高等学校计算机教育研究会	2019	2
全联房地产商会	2019	2
全联民间文物艺术品商会	2019	5
六盘水市畜牧兽医学会	2019	7
兰溪市食品行业协会	2019	3
兰陵县牛蒡产业协会	2019	1
兴城市泳装行业协会	2017	1
兴安盟农牧业产业化龙头企业协会	2019	1
内蒙古信用商会	2018	1
内蒙古农牧业产业化龙头企业协会	2017	1
内蒙古农牧业产业化龙头企业协会	2020	2
内蒙古农牧业机械工业协会	2019	1
内蒙古农牧业机械工业协会	2020	1
内蒙古品牌促进会	2018	3
内蒙古品牌促进会	2019	2
内蒙古品牌促进会	2020	6
内蒙古安全生产职业健康协会	2018	1
内蒙古标准化协会	2019	18
内蒙古标准发展促进会	2019	10
内蒙古烹饪餐饮饭店行业协会	2019	1
内蒙古烹饪餐饮饭店行业协会	2020	2
内蒙古跆拳道运动协会	2020	16
内蒙古防沙治沙协会	2019	2
册亨县布依刺绣协会	2019	1
凌源市刘杖子乡葡萄协会	2017	1
凌源市百利食用菌协会	2018	1
凌源市百利食用菌协会	2019	1
凤凰县朱砂银饰行业协会	2018	2
凤凰县朱砂银饰行业协会	2020	1
凤山县乔音乡种桑养蚕协会	2019	4
包头家政服务协会	2020	1
包头市食品药品产业协会	2017	1
包头市食品药品产业协会	2020	1
包头稀土产业联盟	2017	8
化州市食品行业协会	2019	2
北京中关村科技园区西城园协会	2019	2
北京企业技术中心创新服务联盟	2020	1
北京企业管理咨询协会	2019	1
北京企业评价协会	2019	1
北京体育休闲产业协会	2018	1
北京保洁商会	2018	1
北京信息灾备技术产业联盟	2018	1
北京信用协会	2019	3
北京动漫游戏产业协会	2019	6
北京包装饮用水行业协会	2020	1
北京华夏草业产业技术创新战略联盟	2019	19
北京华夏草业产业技术创新战略联盟	2020	19
北京城市管理科技协会	2017	2
北京城市管理科技协会	2019	2
北京城市管理科技协会	2020	1
北京城建科技促进会	2020	5
北京家具行业协会	2019	1
北京市专利代理人协会	2018	1
北京市专利代理人协会	2019	1
北京市商业联合会	2018	1
北京市国际生态经济协会	2019	1
北京市应急科技发展促进会	2019	2
北京市建筑业联合会	2018	4
北京市房山区酒庄葡萄酒协会	2018	4
北京市房山区酒庄葡萄酒协会	2020	1
北京市朝阳区养老服务行业协会	2020	1
北京市汽车摩托车运动协会	2018	1
北京市海淀区养老服务管理协会	2020	10
北京市电力行业协会	2019	1
北京市电子竞技运动协会	2020	1
北京市自行车电动车行业协会	2019	2
北京市西城区饮食行业协会	2019	1
北京市辐射安全研究会	2019	4
北京市辐射安全研究会	2020	8
北京市闪联信息产业协会	2017	5
北京市闪联信息产业协会	2019	1
北京市闪联信息产业协会	2020	3
北京市青少年体育联合会	2020	1
北京市餐饮行业协会	2019	3
北京建筑节能与环境工程协会	2020	1
北京建筑设施服务企业协会	2019	5
北京建筑设施服务企业协会	2020	1
北京技术市场协会	2019	3
北京教育信息化产业联盟	2017	1
北京新职业技能培训产业联盟	2019	2
北京日化协会	2019	4
北京有机农业产业联盟	2018	1
北京有机农业产业联盟	2019	1
北京服装纺织行业协会	2020	1
北京民营科技促进会	2018	3
北京民营科技促进会	2019	4
北京现代有机产业技术创新战略联盟	2019	3
北京现代有机产业技术创新战略联盟	2020	3
北京生态设计与绿色制造促进会	2019	8
北京生态设计与绿色制造促进会	2020	2
北京生物饲料产业技术创新战略联盟	2019	1
北京生物饲料产业技术创新战略联盟	2020	16
北京电信技术发展产业协会	2017	5
北京电信技术发展产业协会	2018	1
北京电信技术发展产业协会	2019	1
北京电子仪器行业协会	2017	1
北京电子仪器行业协会	2018	1
北京电子学会	2018	1
北京电子认证服务产业联盟	2017	5
北京电源行业协会	2017	3
北京电源行业协会	2019	2
北京社会企业质量协会	2020	2
北京移动互联网健康服务协会	2018	2
北京移动金融产业联盟	2017	1
北京移动金融产业联盟	2019	1
北京第三代半导体产业技术创新战略联盟	2019	7
北京第三代半导体产业技术创新战略联盟	2020	1
北京粉体技术协会	2018	2
北京粉体技术协会	2020	1
北京节能和资源综合利用协会	2019	1
北京节能和资源综合利用协会	2020	1
北京资源强制回收环保产业技术创新战略联盟	2018	5
北京资源强制回收环保产业技术创新战略联盟	2019	4
北京资源强制回收环保产业技术创新战略联盟	2020	11
北京软件和信息服务业协会	2017	1
北京软件和信息服务业协会	2019	5
北京软件造价评估技术创新联盟	2019	3
北京钢结构行业协会	2018	1
北京钢结构行业协会	2020	1
北京长风信息技术产业联盟	2018	6
北京长风信息技术产业联盟	2019	3
北京长风信息技术产业联盟	2020	5
北京预防医学会	2020	6
北京香文化促进会	2019	11
北京香文化促进会	2020	1
南丹瑶鸡开发研究协会	2019	2
南京卫生信息学会	2017	2
南京安全技术防范行业协会	2020	1
南京市家庭服务业协会	2020	1
南京市市容清洗协会	2018	2
南京市移门行业协会	2019	2
南京建设工程招标投标协会	2019	1
南安市海丝泛家居产业联合会	2019	5
南安市高层次人才协会	2019	1
南平市延平区科技特派员创新创业协会	2019	5
南平市海峡茶业交流协会	2018	1
南澳县标准计量协会	2018	5
南澳县标准计量协会	2019	4
南通市农业新技术推广协会	2019	2
南通市农副产品加工技术协会	2018	46
南通市农副产品加工技术协会	2020	31
南通市农村专业技术协会	2020	13
南通市标准化协会	2017	1
南通市标准化协会	2019	3
南通市特种设备管理协会	2017	1
南通市电极箔协会	2019	1
南通市纺织工业协会	2017	7
南通市纺织工业协会	2018	9
南通市纺织工业协会	2019	10
南通市质量协会	2017	2
南通市质量协会	2019	2
南通市通州区家用纺织品商会	2018	3
南通市通州区家用纺织品商会	2019	3
南通市饭店与餐饮业商会（协会）	2017	4
南通市饭店与餐饮业商会（协会）	2019	17
南通花露烧酒研究会	2017	1
南雄市化工行业协会	2018	1
博兴县粗布家纺协会	2018	2
博山区山楂产业协会	2019	1
博罗县特种设备和计量标准化协会	2018	2
博罗县特种设备和计量标准化协会	2020	1
印江土家族苗族自治县食用菌行业协会	2019	2
厦门市古代艺术品研究会	2017	3
厦门市古代艺术品研究会	2018	2
厦门市现代物流业商会	2019	1
厦门市翔安区新圩青年创业促进会	2019	3
厦门老字号协会	2018	1
厦门老字号协会	2020	1
双峰县农机机电行业协会	2019	3
古城区大研古城酒吧行业协会	2018	2
古蔺县总商会	2020	1
台州市微风电扇行业协会	2018	1
台州市智能马桶行业协会	2017	1
台州市机动车驾驶员培训行业协会	2019	1
台州市路桥区植保与清洗机械协会	2019	5
合肥市机械行业协会	2018	25
合肥市机械行业协会	2019	15
合肥市渔业协会	2020	3
吉林省信息技术应用协会	2017	1
吉林省参业协会	2020	7
吉林省家具协会	2017	1
吉林省标准化协会	2020	1
吉林省汽车电子协会	2017	4
吉林省汽车电子协会	2018	24
吉林省汽车电子协会	2019	22
吉林省电力行业协会	2018	1
吉林省电力行业协会	2019	4
吉林省硅酸盐学会	2018	3
吉林省硅酸盐学会	2019	1
吉林省粮食行业协会	2018	4
吉林省软件行业协会	2017	1
吉林省软件行业协会	2020	1
吉林省运输协会	2019	3
吉林省饭店餐饮烹饪协会	2018	1
启东市水产加工业商会	2017	2
启东市高效设施农业协会	2018	2
启东市高效设施农业协会	2019	2
吴川市塑料鞋行业协会	2019	1
吴川市羽绒行业协会	2018	1
吴川橘红产业协会	2018	2
周宁县茶叶协会	2017	1
和田地区美食文化协会	2019	96
哈尔滨市滑雪协会	2019	4
哈尔滨市红肠食品产业协会	2018	1
商丘市化肥工业协会	2019	4
嘉兴市机器人与智能装备协会	2018	4
嘉兴市机器人与智能装备协会	2019	1
嘉兴市标准化协会	2018	1
嘉兴市标准化协会	2019	2
嘉兴市标准质量建设促进会	2018	14
嘉兴市标准质量建设促进会	2019	8
嘉兴市食品工业协会	2019	9
四会市万兴隆翡翠城义工协会	2018	7
四会市万兴隆翡翠城义工协会	2019	4
四川中国白酒金三角酒业协会	2019	1
四川省副食流通协会	2018	1
四川省卫生信息学会	2018	1
四川省卫生信息学会	2019	1
四川省咨询业协会	2020	2
四川省安全生产培训协会	2018	1
四川省室内装饰协会	2019	2
四川省并联评价评审促进会	2020	3
四川省技术市场协会	2018	4
四川省技术市场协会	2019	3
四川省旅游信息化与应用促进会	2017	1
四川省机械工程学会	2016	1
四川省机械工程学会	2019	1
四川省机械工程学会	2020	2
四川省清洁能源汽车产业协会	2019	1
四川省特种设备安全管理协会	2017	1
四川省特种设备安全管理协会	2018	1
四川省特种设备安全管理协会	2019	3
四川省生态农业发展促进会	2018	4
四川省生态农业发展促进会	2020	7
四川省电工技术学会	2016	1
四川省电工行业协会	2016	1
四川省皮革行业协会	2020	1
四川省粮食行业协会	2019	5
四川省葡萄酒与果酒行业协会	2019	1
四川省质量协会	2018	3
四川省软件行业协会	2017	2
四川省软件行业协会	2019	2
四川省造纸行业协会	2020	1
四川省道路交通安全协会	2019	3
四川省道路交通安全协会	2020	2
四川省道路运输协会	2019	1
四川省门窗行业协会	2020	1
国际沙棘协会	2019	1
国际粉体检测与控制联合会	2020	2
垫江县物业管理协会	2018	1
大化瑶族自治县生态养鱼协会	2018	2
大化瑶族自治县生态养鱼协会	2019	2
大英县商业贸易协会	2019	1
大连山东商会	2018	6
大连市CIO协会	2018	6
大连市仓储与配送协会	2016	4
大连市仓储与配送协会	2017	3
大连市仓储与配送协会	2019	4
大连市企业信用研究会	2018	1
大连市企业联合会	2019	8
大连市养老福利协会	2017	1
大连市医药行业协会	2017	1
大连市室内装饰协会	2018	2
大连市机械行业协会	2018	6
大连市标准化协会	2017	4
大连市标准化协会	2018	1
大连市标准化协会	2019	3
大连市洗染行业协会	2017	2
大连市洗染行业协会	2018	2
大连市洗染行业协会	2020	1
大连市消费指导促进会	2017	2
大连市物业管理协会	2018	1
大连市特种设备管理协会	2019	3
大连市现代电子商务服务产业协会	2017	4
大连市珠宝玉石协会	2017	1
大连市珠宝玉石协会	2019	9
大连市石油和化工行业协会	2017	9
大连市石油和化工行业协会	2018	3
大连市石油和化工行业协会	2019	3
大连市绿色建筑行业协会	2019	1
大连市美食文化协会	2019	5
大连市美食文化协会	2020	1
大连市节能协会	2018	2
大连市轻工业联合会	2017	7
大连市轻工业联合会	2018	7
大连市饮品行业协会	2020	1
大连软件行业协会	2017	2
大连软件行业协会	2018	6
大连软件行业协会	2019	8
大连金普新区企业联合会	2019	17
大邑县佛手瓜协会	2020	1
大邑县葡萄行业协会	2020	1
大邑县麻羊产业协会	2020	1
天台县产业用布行业协会	2019	2
天峨县乡村振兴产业协会	2018	8
天峨县乡村振兴产业协会	2019	22
天津市交通与物流协会	2018	4
天津市制冷设备行业协会	2020	2
天津市商务服务行业协会	2020	1
天津市奶业科技创新协会	2019	17
天津市家居商会	2018	2
天津市市政公路行业协会	2019	1
天津市建材业协会	2020	1
天津市建设工程造价和招投标管理协会	2019	1
天津市建设监理协会	2018	1
天津市机动车鉴定评估行业协会	2018	1
天津市机动车鉴定评估行业协会	2019	6
天津市汽车后市场行业协会	2017	4
天津市汽车后市场行业协会	2019	1
天津市汽车维修检测行业协会	2020	1
天津市消费者协会	2017	1
天津市混凝土行业协会	2020	1
天津市烹饪协会	2019	1
天津市环保产品促进会	2017	3
天津市环保产品促进会	2018	1
天津市自行车电动车行业协会	2017	2
天津市自驾游与房车露营协会	2018	1
天津市船舶防污染协会	2020	3
天津市软件行业协会	2017	2
天津市软件行业协会	2019	3
天津市餐饮行业协会	2018	2
天津市餐饮行业协会	2019	2
天长市秦栏电子商会	2019	1
天长市铜城芡实协会	2019	2
太和县烹饪协会	2018	3
太谷县铸造协会	2020	1
如东县食品行业协会	2019	1
如皋市旅游协会	2020	5
如皋市种植业协会	2020	4
如皋市餐饮协会	2019	1
如皋市餐饮协会	2020	2
威海市文登区丹参协会	2019	1
威海市文登区养老服务业协会	2019	1
威海市文登区民间艺术家协会	2019	2
威海市文登区电机行业协会	2019	2
威海市文登区花饽饽协会	2019	1
孝感市孝南区木质板协会	2018	1
孝感市麻糖米酒行业协会	2018	1
宁夏印章行业协会	2019	2
宁夏品牌研究会	2017	1
宁夏家政服务行业协会	2019	5
宁夏家电行业协会	2016	4
宁夏文物艺术品收藏鉴赏学会	2018	7
宁夏文物艺术品收藏鉴赏学会	2019	6
宁夏食品安全协会	2019	1
宁德市标准化协会	2019	3
宁德市海峡茶业交流协会	2017	1
宁德市渔业协会	2018	1
宁德市蕉城区茶业协会	2018	1
宁波出入境检验检疫协会	2018	1
宁波市休闲用品产业协会	2019	1
宁波市塑料机械行业协会	2019	1
宁波市塑料行业协会	2018	1
宁波市家具商会	2018	2
宁波市暖通商会	2019	1
宁波市海曙区81890服务业协会	2020	2
宁波市涂料与涂装行业协会	2018	1
宁波市涂料与涂装行业协会	2019	1
宁波市玩具和婴童用品行业协会	2018	1
宁波市电镀行业协会	2019	2
宁波市皮革行业协会	2019	1
宁波市纺织行业协会	2019	1
宁波市纺织行业协会	2020	1
宁波市胶粘剂及制品行业协会	2020	1
宁波市金属软管商会	2019	1
宁波市餐饮业与烹饪协会	2020	3
宁波文具行业协会	2018	1
宁波江北现代物流业协会	2019	1
宁海县手电筒行业协会	2018	1
宁海县文教体育用品协会	2018	1
宁海县文教体育用品协会	2019	3
宁阳县钢球行业协会	2019	1
安庆市大观区番鸭养殖专业技术协会	2019	6
安徽省农产品加工技术协会	2020	1
安徽省净化工程行业协会	2020	1
安徽省医院协会	2018	1
安徽省家庭服务业协会	2019	1
安徽省家庭服务业协会	2020	5
安徽省机动车鉴定评估行业协会	2020	1
安徽省柳编产业协会	2017	1
安徽省烹饪协会	2018	2
安徽省环境检测行业协会	2020	1
安徽省甲醇燃料行业协会	2017	1
安徽省甲醇燃料行业协会	2018	1
安徽省管材业商会	2018	2
安徽省管材业商会	2019	1
安徽省营养保健食品化妆品协会	2018	1
安徽省营养保健食品化妆品协会	2019	12
安徽省质量品牌促进会	2020	1
安徽省防爆机电行业协会	2020	1
安徽省食用菌行业协会	2018	4
安徽省高校校办产业协会	2020	1
定州市运动体育用品行业协会	2019	2
定襄县法兰锻造协会	2020	3
宜宾市标准化促进会	2019	4
宜宾市标准化促进会	2020	11
宜昌市茶产业协会	2018	1
宜昌市茶产业协会	2019	2
宜章县果业协会	2018	1
宜章县茶业行业协会	2018	1
宽甸满族自治县中药材协会	2019	1
宾川县农技协联合会	2019	4
宿迁市企业信用建设促进会	2020	2
宿迁市掼蛋运动协会	2020	1
富平县奶山羊产业协会	2020	1
富锦市水稻标准化推广协会	2018	2
富顺县香辣调味品专业协会	2019	2
寿光市窗帘窗饰协会	2019	2
寿光市防水行业协会	2017	2
寿光蔬菜瓜果产业协会	2019	6
寿宁县茶业协会	2018	4
将乐县红糖技术协会	2019	1
屏山县茶叶协会	2019	4
山东机床通用机械工业协会	2017	1
山东机床通用机械工业协会	2018	2
山东机床通用机械工业协会	2019	3
山东标准化协会	2017	14
山东标准化协会	2018	34
山东标准化协会	2019	62
山东标准化协会	2020	24
山东电子商会	2018	1
山东电子学会	2017	4
山东电子学会	2019	5
山东电子学会	2020	4
山东病理生理学会	2020	1
山东省五金与衡器行业协会	2018	1
山东省五金与衡器行业协会	2019	1
山东省产学研合作促进会	2018	1
山东省保健科技协会	2018	5
山东省保健科技协会	2019	4
山东省信息网络安全协会	2017	1
山东省农药行业协会	2018	1
山东省农药行业协会	2019	1
山东省农药行业协会	2020	1
山东省半导体行业协会	2020	1
山东省厨具协会	2018	2
山东省厨具协会	2019	11
山东省地理标志产业协会	2019	3
山东省地理标志产业协会	2020	3
山东省城市公共交通协会	2020	2
山东省太阳能行业协会	2016	2
山东省太阳能行业协会	2017	2
山东省家用电器行业协会	2018	1
山东省工程建设标准造价协会	2019	1
山东省工程建设标准造价协会	2020	2
山东省循环经济协会	2018	1
山东省循环经济协会	2019	3
山东省循环经济协会	2020	3
山东省快递协会	2018	1
山东省房地产业协会	2018	2
山东省标识行业协会	2017	1
山东省洗染行业协会	2018	3
山东省洗染行业协会	2019	2
山东省物联网协会	2018	5
山东省物联网协会	2019	5
山东省物联网协会	2020	2
山东省电力企业协会	2019	13
山东省电力企业协会	2020	1
山东省畜牧协会	2019	4
山东省矿业协会	2019	1
山东省肉类协会	2017	1
山东省自动化学会	2018	1
山东省自动化学会	2019	1
山东省自行车电动车行业协会	2017	2
山东省自行车电动车行业协会	2019	1
山东省艺术培训行业协会	2017	1
山东省艺术培训行业协会	2018	7
山东省营养保健食品行业协会	2019	1
山东省营养保健食品行业协会	2020	3
山东省蔬菜协会	2020	1
山东省设备管理协会	2019	2
山东省设备管理协会	2020	2
山东省质量评价协会	2019	20
山东省钟表协会	2018	1
山东省食品工业协会	2019	1
山东省食品工业协会	2020	18
山东省马铃薯协会	2019	2
山东硅酸盐学会	2018	1
山东计量测试学会	2019	2
山东质量检验协会	2020	1
山东阿胶行业协会	2019	2
山西省服装协会	2018	1
山西省服装协会	2020	4
山西省机械电子工业联合会	2019	2
山西省机械电子工业联合会	2020	3
山西省粮食行业协会	2019	1
山西省粮食行业协会	2020	7
山西省认证认可协会	2019	5
山西省食品工业协会	2020	1
岑溪市油茶协会	2019	2
岳阳市茶叶协会	2019	2
峨边彝族自治县峨岭云边公用品牌协会	2019	1
峨边彝族自治县峨岭云边公用品牌协会	2020	1
崇义县水饺协会	2019	1
崇州市农民专业合作经济组织联合会	2018	2
嵊州市厨具行业协会	2018	2
嵊州市厨具行业协会	2019	4
巢湖市槐林渔网商会	2019	2
巴东县茶产业协会	2020	3
巴中市餐饮行业协会	2018	1
巴州特种设备协会	2019	1
巴彦淖尔市天赋河套优质农产行业协会	2019	43
巴彦淖尔市天赋河套优质农产行业协会	2020	18
巴马香猪生产经营管理协会	2018	1
巴马香猪生产经营管理协会	2019	2
常州市企业信息化协会	2020	2
常州市军民融合发展协会	2019	2
常州市创业孵化协会	2020	1
常州市工业经济联合会	2018	1
常德市农学会	2019	16
常德市农学会	2020	38
常德市质量协会	2018	3
常德市质量协会	2019	12
常德市质量协会	2020	7
常熟市无纺业商会	2019	1
常熟市无纺业商会	2020	1
常熟市梅李镇经编印染协会	2018	1
平潭旅游行业协会	2017	1
平阴县玫瑰产业协会	2019	1
广东商标协会	2020	1
广东演艺设备行业商会	2019	1
广东省不锈钢材料与制品协会	2018	3
广东省不锈钢材料与制品协会	2019	1
广东省产品认证服务协会	2018	15
广东省产品认证服务协会	2019	28
广东省产品认证服务协会	2020	14
广东省产品质量品牌促进会	2020	2
广东省价格和产业品牌发展协会	2019	1
广东省企业创新发展协会	2018	24
广东省企业创新发展协会	2019	2
广东省企业创新发展协会	2020	1
广东省休闲渔业与垂钓协会	2019	4
广东省低碳发展促进会	2019	2
广东省信用协会	2018	2
广东省光电技术协会	2019	2
广东省公共资源交易联合会	2020	1
广东省农药协会	2019	5
广东省冷链协会	2019	1
广东省分析测试协会	2019	3
广东省分析测试协会	2020	4
广东省医疗器械管理学会	2020	5
广东省医药合规促进会	2019	1
广东省医药合规促进会	2020	1
广东省半导体光源产业协会	2019	1
广东省印刷复制业协会	2020	2
广东省参茸协会	2018	1
广东省团餐配送行业协会	2018	1
广东省团餐配送行业协会	2019	1
广东省城市公共交通协会	2020	1
广东省塑料工业协会	2019	2
广东省塑料工业协会	2020	10
广东省增材制造协会	2020	8
广东省大学生创业就业促进会	2020	1
广东省天花吊顶协会	2019	1
广东省太阳能协会	2019	3
广东省安全生产协会	2019	1
广东省定制家居协会	2019	6
广东省室内环境卫生行业协会	2017	3
广东省室内环境卫生行业协会	2018	4
广东省室内环境卫生行业协会	2019	5
广东省室内环境卫生行业协会	2020	5
广东省家用电器行业协会	2020	2
广东省家电商会	2018	8
广东省家电商会	2019	11
广东省家电商会	2020	11
广东省市场协会	2018	1
广东省市场协会	2019	18
广东省市场协会	2020	5
广东省干细胞与再生医学协会	2019	3
广东省干细胞与再生医学协会	2020	2
广东省广告协会	2018	2
广东省应对技术贸易壁垒协会	2017	6
广东省应对技术贸易壁垒协会	2018	6
广东省应对技术贸易壁垒协会	2020	1
广东省建筑业协会	2019	1
广东省建筑材料行业协会	2019	4
广东省建筑材料行业协会	2020	3
广东省建筑节能协会	2018	1
广东省建筑防水材料协会	2017	2
广东省循环经济和资源综合利用协会	2019	3
广东省循环经济和资源综合利用协会	2020	3
广东省打假协会	2020	2
广东省打印耗材行业协会	2020	3
广东省文化名家名企交流协会	2019	1
广东省日化商会	2016	3
广东省日化商会	2018	6
广东省日化商会	2019	2
广东省早期教育行业协会	2019	2
广东省服装服饰行业协会	2018	1
广东省木材行业协会	2017	50
广东省木材行业协会	2019	29
广东省机器人协会	2019	2
广东省机械工程学会	2019	11
广东省机械工程学会	2020	8
广东省机械行业协会	2019	3
广东省标准化协会	2016	1
广东省标准化协会	2017	1
广东省标准化协会	2018	5
广东省标准化协会	2019	16
广东省标准化协会	2020	3
广东省民营企业金融服务协会	2018	1
广东省气象防灾减灾协会	2017	1
广东省气象防灾减灾协会	2019	1
广东省气象防灾减灾协会	2020	1
广东省水处理技术协会	2019	1
广东省洁净技术行业协会	2018	2
广东省洁净技术行业协会	2020	1
广东省测量控制技术与装备应用促进会	2019	2
广东省测量控制技术与装备应用促进会	2020	15
广东省涂料行业协会	2019	10
广东省燃气采暖热水炉商会	2017	1
广东省燃气采暖热水炉商会	2019	1
广东省燃气采暖热水炉商会	2020	8
广东省物流行业协会	2019	5
广东省特种设备行业协会	2020	4
广东省环境保护产业协会	2019	3
广东省现代服务业联合会	2019	1
广东省电子信息联合会	2018	2
广东省电子信息行业协会	2019	1
广东省电子信息行业协会	2020	2
广东省电子政务协会	2019	3
广东省电子政务协会	2020	2
广东省电气行业协会	2020	1
广东省电源行业协会	2017	2
广东省电线电缆行业协会	2018	39
广东省电线电缆行业协会	2019	7
广东省白蚁学会	2020	1
广东省皮革协会	2019	3
广东省石材行业协会	2019	1
广东省石油和化学工业协会	2019	2
广东省研学旅行协会	2019	1
广东省种子协会	2019	1
广东省种子协会	2020	1
广东省精准医学应用学会	2020	2
广东省纺织协会	2018	1
广东省纺织协会	2019	6
广东省纺织协会	2020	4
广东省绿色供应链协会	2019	1
广东省网络空间安全协会	2019	1
广东省节能减排标准化促进会	2016	10
广东省节能减排标准化促进会	2017	16
广东省节能减排标准化促进会	2018	8
广东省节能减排标准化促进会	2019	19
广东省节能减排标准化促进会	2020	8
广东省茶文化研究会	2019	1
广东省药学会	2019	1
广东省薄膜及设备行业协会	2019	7
广东省薄膜及设备行业协会	2020	6
广东省计量测试学会	2019	1
广东省设备监理协会	2019	7
广东省质量发展促进会	2019	2
广东省质量检验协会	2018	5
广东省质量检验协会	2019	11
广东省质量检验协会	2020	17
广东省轻工业联合会	2019	1
广东省轻工业联合会	2020	1
广东省金融科技学会	2019	1
广东省防伪行业协会	2020	8
广东省静态交通协会	2020	1
广东省非开挖技术协会	2020	1
广东省食品和包装机械行业协会	2019	1
广东省食品安全保障促进会	2020	2
广东省食品安全质量协会	2019	1
广东省食品流通协会	2019	40
广东省食品生产技术协会	2019	5
广东省食品生产技术协会	2020	1
广东软件行业协会	2018	2
广元市家政服务行业协会	2019	4
广元市茶业协会	2020	1
广州市医疗行业协会	2019	1
广州市品牌质量创新促进会	2019	3
广州市家具行业协会	2020	1
广州市循环经济清洁生产协会	2017	2
广州市教育信息化产业技术创新促进会	2017	3
广州市教育信息化产业技术创新促进会	2019	5
广州市智慧城市发展促进会	2018	2
广州市标准化促进会	2018	7
广州市标准化促进会	2019	19
广州市标准化促进会	2020	1
广州市瓶装液化气行业协会	2019	2
广州市电子音响行业协会	2019	1
广州市白云区土地和经济学会	2017	1
广州市社会组织联合会	2020	1
广州市空间地理信息与物联网促进会	2019	1
广州市美容化妆品行业协会	2018	2
广州市艺术品鉴定协会	2019	19
广州市艺术品鉴定协会	2020	20
广州市质量技术监督信息协会	2017	2
广州市质量技术监督信息协会	2018	4
广州市质量检验协会	2019	5
广州市质量检验协会	2020	3
广州开发区检验检测联盟	2018	1
广州环境保护产业协会	2018	1
广州老字号协会	2018	1
广西林业产业行业协会	2019	4
广西标准化协会	2017	6
广西标准化协会	2018	9
广西标准化协会	2019	39
广西标准化协会	2020	1
广西瓶装饮用水行业协会	2018	1
广西生态有机产业联合会	2018	1
广西粮食行业协会	2020	1
广西糖业协会	2017	1
广西糖业协会	2018	1
广西糖业协会	2019	4
广西节能减排研究会	2019	1
广西认证认可协会	2019	1
建德市特种设备协会	2019	1
建德市茶叶产业协会	2018	1
建瓯市工艺美术协会	2020	1
开阳县富硒产品协会	2019	7
张家港市志愿者协会	2019	1
张家港市标准计量学会	2019	1
彭州市九尺家禽业联合会	2018	2
彭州市军屯锅魁协会	2018	2
彭州市桂花镇陶瓷企业协会	2018	2
彭水苗族土家族自治县红薯专业技术协会	2019	1
徐州市发明协会	2017	2
徐州市发明协会	2018	2
徐州市发明协会	2019	2
徐州市知识产权研究会	2017	1
徐州市知识产权行业协会	2018	2
德州市辣椒协会	2020	1
德州机床工具工业协会	2020	7
德庆县南药种植协会	2019	16
德庆县商会	2019	2
德清县茶叶协会	2019	3
怀宁县蓝莓技术协会	2019	11
思南县石材行业商会	2017	2
恩施土家族苗族自治州茶产业协会	2020	1
恩施土家族苗族自治州马铃薯产业协会	2019	1
惠安县崇武镇食品加工行业协会	2018	1
惠州市惠阳区吉他行业协会	2019	1
惠州市惠阳区吉他行业协会	2020	2
惠州市标准化协会	2017	12
惠州市标准化协会	2018	6
惠州市标准化协会	2019	7
惠州市标准化协会	2020	2
惠民县化纤绳网协会	2018	1
惠民县化纤绳网协会	2019	3
成都乡厨餐饮行业协会	2017	18
成都农产品供应链协会	2020	2
成都市医疗器械行业协会	2020	1
成都市建筑材料行业协会	2019	1
成都市楼宇经济促进会	2020	1
成都市汽车维修行业协会	2018	1
成都市温江区社会工作协会	2019	7
成都市温江区餐饮娱乐行业协会	2019	1
成都市电子商务协会	2018	1
成都市电梯协会	2020	1
成都市郫都区质量技术监督协会	2020	1
成都高新区人力资源协会	2018	1
扬州市烹饪餐饮行业协会	2017	3
扬州市烹饪餐饮行业协会	2018	5
扬州市烹饪餐饮行业协会	2019	5
扬州市烹饪餐饮行业协会	2020	3
承德市金银珠宝业商会	2018	1
抚松县人参协会	2019	8
拉萨市香雄梅朵藏香产业协会	2018	3
揭阳市塑胶行业协会	2020	1
揭阳市机电模具产业协会	2019	1
攸县豆腐行业协会	2018	1
敦化市煎饼产业协会	2019	1
文成县中蜂产业协会	2020	1
文成县文成杨梅协会	2020	3
斗南花卉协会	2018	3
斗南花卉协会	2019	1
新兴县不锈钢商会	2019	2
新民市酸菜协会	2019	1
新泰市农产品产销协会	2019	2
新泰市工业联合会	2020	1
新泰市放城镇马家寨香椿协会	2019	3
新疆维吾尔自治区农产品产销企业协会	2018	2
新疆维吾尔自治区塑料协会	2018	3
新疆维吾尔自治区塑料协会	2019	5
新疆维吾尔自治区天山北麓葡萄酒产业协会	2017	1
新疆维吾尔自治区汽车维修改装（装潢）协会	2018	1
新疆维吾尔自治区汽车维修改装（装潢）协会	2019	1
新疆维吾尔自治区石油工程技术服务企业联合会	2016	11
新疆维吾尔自治区石油工程技术服务企业联合会	2017	20
新疆维吾尔自治区粮食行业协会	2019	1
新疆维吾尔自治区质量检验检测协会	2020	1
新疆维吾尔自治区软件行业协会	2017	3
新疆维吾尔自治区软件行业协会	2019	2
新疆维吾尔自治区金属学会	2020	1
无棣县网具行业协会	2017	2
无锡“感知中国”物联网商会	2017	1
无锡市人力资源服务行业协会	2019	1
无锡市塑料保护膜业商会	2019	1
无锡市烹饪餐饮行业协会	2019	2
无锡市物流与仓储协会	2018	6
日照市标准化与认证协会	2017	4
日照市港航协会	2019	2
日照市茶叶协会	2019	1
日照市茶行业协会	2018	2
昆山市印制电路板协会	2018	2
昆山市模具工业协会	2019	1
昆明市导游协会	2018	1
昆明市旅行社行业协会	2019	1
昌图小康黑猪养殖协会	2018	1
明溪县肉脯干行业协会	2019	1
昭平县茶叶协会	2019	1
晋城市餐饮住宿行业协会	2019	3
普洱市白及行业协会	2016	1
普洱茶协会	2020	3
曹县芦笋协会	2020	1
本溪市辽砚行业协会	2017	3
杨凌有机农业大联盟	2018	2
杨凌有机农业大联盟	2019	4
杨凌设施农业协会	2017	5
杨凌设施农业协会	2020	5
杨凌饲料工业协会	2019	1
杭州市余杭区肉类制品行业协会	2020	1
杭州市健康促进协会	2020	2
杭州市太阳能光伏产业协会	2019	2
杭州市标准化学会	2019	4
杭州市科技合作促进会	2019	2
杭州市科技合作促进会	2020	3
杭州数字经济联合会	2019	1
杭州西湖龙井茶核心产区商会	2018	1
枣庄市标准化协会	2018	2
枣庄市标准化协会	2019	4
柘荣县茶叶协会	2019	1
柳州市代理记账协会	2019	1
柳州市标准技术协会	2017	2
柳州市标准技术协会	2018	2
柳州市标准技术协会	2019	6
柳州市电气行业协会	2019	1
柳州市纺织服装协会	2020	1
柳州市螺蛳粉协会	2019	2
柳林县名优特产行业协会	2019	1
桂林市植物提取协会	2019	1
桂林市餐饮烹饪协会	2018	8
桐庐县制笔行业协会	2018	1
桐庐县茶叶产业协会	2018	2
桐梓县农村青年致富带头人协会	2019	2
桓仁冰酒联合商会	2017	3
桓仁冰酒联合商会	2018	4
桓台县蔬菜协会	2020	1
桦南县代餐粉产业联盟协会	2019	1
梁山县专用汽车行业协会	2019	3
梅州市餐饮行业协会	2019	32
梧州六堡茶研究会	2018	16
梧州市林业产业行业协会	2018	1
梧州市电梯行业协会	2019	3
梧州市网商商会	2018	5
梧州市网商商会	2019	1
榆林市羊毛防寒服产业协会	2019	1
榆树市鲜食玉米产业协会	2019	2
樟树市金属家具行业协会	2019	5
正安县吉他协会	2020	1
武城县中央空调产业协会	2020	3
武夷山市五夫镇莲子协会	2019	1
武汉·中国光谷创客联盟	2017	7
武汉·中国光谷创客联盟	2018	20
武汉团膳快餐生产供应协会	2020	1
武汉市大数据协会	2019	1
武汉市安全技术防范行业协会	2019	1
武汉市服务贸易（外包）协会	2017	1
武汉市清洁行业协会	2018	1
武汉市清洁行业协会	2019	2
武汉市清洁行业协会	2020	2
武汉市软件行业协会	2019	2
武汉智能电网产业技术创新协会	2019	1
武汉标准化协会	2020	2
武汉激光学会	2018	2
武汉激光学会	2019	2
武汉碳减排协会	2018	1
水城县猕猴桃产业协会	2020	1
永康市技师协会	2020	5
汕头市信息服务和软件行业协会	2018	1
汕头市化妆品行业协会	2017	28
汕头市化妆品行业协会	2019	2
汕头市塑胶行业商会	2018	1
汕头市旅游协会	2018	1
汕头市条码技术应用协会	2019	8
汕头市标准化协会	2018	3
汕头市标准化协会	2019	3
汕头市潮南区内衣家居服行业协会	2019	2
汕头市潮南区建筑装饰行业协会	2018	1
汕头市潮南区建筑装饰行业协会	2019	2
汕头市潮阳区装饰行业协会	2018	1
汕头市濠江区旅游协会	2019	1
汕头市濠江区鱼丸与餐饮协会	2019	4
汕头市电子商务产业协会	2017	1
汕头市质量协会	2018	1
汕头市餐饮业协会	2020	1
江苏省交通企业协会	2017	1
江苏省交通企业协会	2019	5
江苏省交通企业协会	2020	7
江苏省交通物流协会	2017	13
江苏省交通物流协会	2018	1
江苏省交通物流协会	2019	3
江苏省交通经济研究会	2017	7
江苏省交通经济研究会	2018	3
江苏省交通经济研究会	2020	3
江苏省人工智能学会	2019	2
江苏省体育建筑施工行业协会	2017	1
江苏省农业机械工业协会	2018	2
江苏省农业机械工业协会	2019	4
江苏省农业机械工业协会	2020	3
江苏省农学会	2019	6
江苏省农学会	2020	3
江苏省农村能源环境保护行业协会	2017	1
江苏省农村能源环境保护行业协会	2018	1
江苏省净水设备制造行业协会	2018	1
江苏省分析测试协会	2017	2
江苏省分析测试协会	2020	1
江苏省制冷学会	2017	1
江苏省半导体行业协会	2017	5
江苏省土木建筑学会	2020	1
江苏省复合材料学会	2020	1
江苏省实验动物协会	2018	3
江苏省室内环境净化行业协会	2019	2
江苏省室内环境净化行业协会	2020	3
江苏省家庭服务业协会	2018	9
江苏省家庭服务业协会	2019	5
江苏省家庭服务业协会	2020	1
江苏省家用电器协会	2019	2
江苏省市政工程协会	2020	1
江苏省新型墙体材料协会	2017	1
江苏省新型墙体材料协会	2018	1
江苏省新型墙体材料协会	2019	3
江苏省日用化学品行业协会	2019	1
江苏省机械工程学会	2020	1
江苏省标准化协会	2018	1
江苏省氯碱工业协会	2018	3
江苏省洪泽湖渔业协会	2017	3
江苏省洪泽湖渔业协会	2019	2
江苏省消防协会	2019	2
江苏省消防协会	2020	2
江苏省清洗保洁协会	2018	2
江苏省照明电器协会	2020	1
江苏省环境科学学会	2019	1
江苏省珠宝玉石首饰行业协会	2017	3
江苏省珠宝玉石首饰行业协会	2018	2
江苏省电机工程学会	2018	7
江苏省盱眙凹凸棒石粘土行业协会	2018	1
江苏省盱眙凹凸棒石粘土行业协会	2019	2
江苏省盱眙龙虾协会	2018	15
江苏省种业协会	2018	4
江苏省纺织工业协会	2020	1
江苏省纺织工程学会	2019	3
江苏省老年学学会	2020	1
江苏省软件行业协会	2017	3
江苏省软件行业协会	2019	2
江苏省软件行业协会	2020	3
江苏省通信学会	2018	2
江苏省通信学会	2019	2
江苏省预防医学会	2020	4
江苏省颗粒学会	2019	2
江苏省食用菌协会	2018	3
江苏省餐饮行业协会	2017	4
江苏省餐饮行业协会	2018	3
江苏省餐饮行业协会	2019	2
江苏省餐饮行业协会	2020	1
江苏省高空机械吊篮协会	2017	2
江苏省黄金协会	2020	2
江西省化学化工学会	2019	1
江西省南城县校具商会	2019	1
江西省南城县校具商会	2020	1
江西省家庭服务业协会	2020	2
江西省铜行业协会	2020	1
江西省食品协会	2017	1
江门市企业质量发展促进会	2018	2
江门市企业质量发展促进会	2020	2
江门市标准化协会	2019	3
江门市特种设备协会	2018	3
江门市特种设备协会	2019	3
江门市特种设备协会	2020	5
江门市越野运动协会	2019	5
江门市越野运动协会	2020	4
汾阳市餐饮旅游饭店行业协会	2019	20
沁源县农家乐协会	2018	1
沂南县旅游行业协会	2019	1
沂水县食品产业商会	2019	4
沅江市芦笋产业开发协会	2019	1
沈阳市养老服务产业协会	2018	6
沈阳市农业品牌发展促进会	2019	10
沈阳市家庭服务业协会	2016	1
沈阳市家庭服务业协会	2018	4
沈阳市家庭服务业协会	2020	1
沈阳市旅游协会	2017	3
沈阳市旅游协会	2018	4
沈阳市民办教育协会	2018	547
沈阳市民办教育协会	2020	1
沈阳市洗染协会	2017	1
沈阳市烹饪协会	2018	3
沈阳市电子商务协会	2017	6
沈阳市食用菌协会	2019	2
沈阳物流行业协会	2017	3
沈阳物流行业协会	2018	5
沈阳物流行业协会	2019	4
沈阳节能协会	2016	1
沙县小吃同业公会	2016	5
沙县小吃同业公会	2017	3
河北省企业市场营销协会	2020	1
河北省企业社会责任促进会	2017	1
河北省冶金行业协会	2018	3
河北省冶金行业协会	2019	3
河北省医药行业协会	2018	2
河北省商业联合会	2019	5
河北省商业联合会	2020	2
河北省团餐与饮食行业协会	2019	3
河北省奶业协会	2018	4
河北省奶业协会	2019	2
河北省家政行业协会	2020	1
河北省工程设施装备质量促进会	2019	5
河北省建筑防水协会	2016	1
河北省建筑防水协会	2019	2
河北省烟花爆竹行业协会	2018	1
河北省玩具和婴童用品行业协会	2019	1
河北省电子学会	2019	2
河北省粘接与涂料协会	2019	4
河北省粘接与涂料协会	2020	1
河北省质量信息协会	2018	1
河北省软件与信息服务业协会	2017	2
河北省食品工业协会	2018	1
河北省食品工业协会	2019	2
河北省食品工业协会	2020	1
河南省保健用品行业商会	2019	3
河南省健康产业发展研究会	2018	4
河南省健康产业发展研究会	2019	2
河南省农业生产资料流通协会	2019	2
河南省医学会	2019	10
河南省土木建筑学会	2020	1
河南省建设教育协会	2020	1
河南省机械工业标准化技术协会	2019	4
河南省标准化协会	2019	1
河南省洁净技术协会	2020	1
河南省清洗保洁行业协会	2020	1
河南省电工行业协会	2020	2
河南省石油和化学工业协会	2016	4
河南省石油和化学工业协会	2017	3
河南省石油和化学工业协会	2018	2
河南省石油和化学工业协会	2019	10
河南省营养保健协会	2018	8
河南省营养保健协会	2019	16
河南省营养保健协会	2020	8
河南省认证认可协会	2020	1
河南省质量协会	2020	1
河南省食品安全协会	2020	1
河南省食品科学技术学会	2020	5
河池市宜州区德胜镇上坪村桑蚕高效生态产业协会	2019	2
河池市金城江区兴隆生姜发展协会	2019	2
泉州市光电行业协会	2019	1
泉州市标准化协会	2017	3
泉州市标准化协会	2019	4
泉州市标准化协会	2020	11
泉州市给排水协会	2017	1
泉州市装备制造业协会	2019	2
泉州智能装备产业协会	2018	1
泉州智能装备产业协会	2019	7
泉州智能装备产业协会	2020	3
泰安市农学会	2019	3
泰安市新材料产业协会	2018	2
泰安市饭店烹饪协会	2017	19
泰安市饭店烹饪协会	2018	12
泸定县羊肚菌种植协会	2019	2
泸州市酒类包装研究协会	2017	2
洪湖市水稻种植协会	2019	1
洮南市林果产业协会	2018	18
济南市章丘区塔机行业协会	2018	1
济南市章丘区铁匠手工艺行业协会	2020	1
浏阳市烟花爆竹总会	2019	12
浏阳市烟花爆竹技术协会	2019	3
浙江互联网金融联合会	2020	2
浙江省中药材产业协会	2018	1
浙江省产品与工程标准化协会	2018	23
浙江省产品与工程标准化协会	2019	46
浙江省产品与工程标准化协会	2020	45
浙江省会展行业协会	2017	1
浙江省会展行业协会	2019	3
浙江省保健品化妆品行业协会	2019	4
浙江省保健品化妆品行业协会	2020	2
浙江省农业机械学会	2018	6
浙江省农业机械学会	2019	1
浙江省农业机械学会	2020	1
浙江省农产品质量安全学会	2018	2
浙江省农产品质量安全学会	2019	7
浙江省农产品质量安全学会	2020	11
浙江省化学建材协会	2018	4
浙江省品牌建设联合会	2017	226
浙江省品牌建设联合会	2018	85
浙江省品牌建设联合会	2019	842
浙江省品牌建设联合会	2020	427
浙江省国际货代物流协会	2019	1
浙江省国际货代物流协会	2020	1
浙江省城市水业协会	2020	3
浙江省安全技术防范行业协会	2020	2
浙江省宠物用品行业协会	2018	6
浙江省建材质量协会	2018	4
浙江省建材质量协会	2019	2
浙江省建材质量协会	2020	1
浙江省建筑业技术创新协会	2019	1
浙江省建筑业技术创新协会	2020	3
浙江省建筑防水行业协会	2018	1
浙江省挂锁行业协会	2017	2
浙江省挂锁行业协会	2018	4
浙江省数字经济学会	2020	1
浙江省标准化协会	2018	1
浙江省标准化协会	2020	1
浙江省水晶工艺制品协会	2019	1
浙江省汽车装饰美容养护行业协会	2016	2
浙江省汽车装饰美容养护行业协会	2017	4
浙江省汽车装饰美容养护行业协会	2018	2
浙江省汽车装饰美容养护行业协会	2019	1
浙江省测绘与地理信息学会	2019	1
浙江省游艇行业协会	2018	1
浙江省照明电器协会	2016	2
浙江省照明电器协会	2018	2
浙江省照明电器协会	2019	4
浙江省燃气具和厨具厨电行业协会	2016	2
浙江省燃气具和厨具厨电行业协会	2017	1
浙江省燃气具和厨具厨电行业协会	2019	1
浙江省物联网产业协会	2018	10
浙江省物联网产业协会	2019	10
浙江省物联网产业协会	2020	1
浙江省珍珠行业协会	2018	2
浙江省甘蔗产业协会	2019	1
浙江省生态与环境修复技术协会	2017	1
浙江省生态与环境修复技术协会	2018	2
浙江省生态与环境修复技术协会	2019	4
浙江省电力行业协会	2019	1
浙江省电子商务促进会	2018	5
浙江省电子商务促进会	2020	5
浙江省纺织工程学会	2020	4
浙江省能源业联合会	2019	2
浙江省蓄电池行业协会	2018	1
浙江省质量合格评定协会	2018	6
浙江省质量合格评定协会	2019	14
浙江省质量合格评定协会	2020	6
浙江省软件行业协会	2017	2
浙江省软件行业协会	2020	1
浙江省道路运输协会	2018	3
浙江省食品工业协会	2019	2
浙江省饮料工业协会	2020	1
浙江省饰品行业协会	2017	1
浦江县烫钻商会	2018	1
浦江县针刺工艺协会	2018	1
海南省有机农业协会	2018	3
海南省有机农业协会	2020	2
海南省沉香协会	2019	1
海南省质量检测行业协会	2020	1
海南省酒店与餐饮行业协会	2020	1
海安县茧丝绸商会	2018	5
海峡两岸茶业交流协会	2018	1
海峡两岸茶业交流协会	2019	6
海门市家纺商会	2017	4
淄博市博山区猕猴桃产业协会	2020	1
淄博市博山区饮食行业协会	2017	11
淄博市城建档案和地下管线管理协会	2017	2
淄博市导游协会	2020	1
淄博市淄川淄河池梨协会	2017	2
淮南牛肉汤商会	2019	3
淮安市印刷行业协会	2018	6
淮安市淮安区施河镇商会	2018	3
淮安市电子学会	2018	1
淮安市粮食行业协会	2020	5
淮安市纺织行业协会	2018	1
淮安市食品药品安全协会	2020	1
深圳市人体工程学应用协会	2020	1
深圳市供应链金融协会	2019	3
深圳市健康产业发展促进会	2018	1
深圳市健康产业发展促进会	2019	1
深圳市分析测试协会	2019	16
深圳市分析测试协会	2020	3
深圳市卓越绩效管理促进会	2020	1
深圳市南山区质量技术协会	2019	2
深圳市商用密码行业协会	2019	3
深圳市商用密码行业协会	2020	6
深圳市商用显示系统产业促进会	2020	1
深圳市城市轨道交通协会	2018	1
深圳市城市轨道交通协会	2019	1
深圳市宝安区信用促进会	2018	3
深圳市宝安区信用促进会	2019	1
深圳市宝鸡商会	2020	4
深圳市家具行业协会	2019	8
深圳市家具行业协会	2020	13
深圳市新材料行业协会	2018	1
深圳市无人机行业协会	2019	22
深圳市智慧城市产业协会	2017	2
深圳市智慧城市研究会	2017	48
深圳市智慧安防行业协会	2019	1
深圳市智慧安防行业协会	2020	1
深圳市智慧杆产业促进会	2019	1
深圳市智慧杆产业促进会	2020	2
深圳市智能集装箱技术协会	2018	3
深圳市智能集装箱技术协会	2019	3
深圳市智能集装箱技术协会	2020	6
深圳市机械工程学会	2020	2
深圳市标准化协会	2018	6
深圳市标准化协会	2019	9
深圳市标准化协会	2020	1
深圳市校服行业协会	2019	12
深圳市深圳标准促进会	2019	1
深圳市深圳标准促进会	2020	13
深圳市燃气行业协会	2018	1
深圳市物流与供应链管理协会	2018	3
深圳市物联网产业协会	2020	6
深圳市生命科技产学研资联盟	2016	1
深圳市生命科技产学研资联盟	2017	3
深圳市生命科技产学研资联盟	2018	4
深圳市生命科技产学研资联盟	2019	4
深圳市电力行业协会	2019	10
深圳市电动自行车行业协会	2019	3
深圳市电源技术学会	2019	5
深圳市社会工作者协会	2019	3
深圳市社会工作者协会	2020	2
深圳市纺织行业协会	2020	2
深圳市绿色食品发展促进会	2019	1
深圳市装饰行业协会	2019	1
深圳市计量测试学会	2019	1
深圳市设施农业行业协会	2018	1
深圳市设施农业行业协会	2019	2
深圳市质量协会	2018	1
深圳市质量协会	2019	6
深圳市零售智能信息化行业协会	2019	1
深圳市食品工业协会	2019	1
深圳市高分子行业协会	2018	6
深圳市高分子行业协会	2019	1
深圳市高分子行业协会	2020	1
深圳市龙华区农贸市场行业协会	2020	7
清远市标准化协会	2018	1
清远市特种设备行业协会	2020	1
清远市计量学会	2019	3
清远市计量学会	2020	1
清远市质量管理协会	2017	1
清远市质量管理协会	2018	1
清远市质量管理协会	2019	3
温岭市机床装备行业协会	2017	34
温岭市机床装备行业协会	2018	5
温岭市机床装备行业协会	2019	13
温岭市泵业协会	2019	1
温岭市餐饮食品安全协会	2018	1
温州市家具商会	2018	1
温州市家具商会	2019	1
温州市教玩具行业协会	2019	1
温州市泵阀工业协会	2018	1
温州市泵阀工业协会	2019	3
温州市瓯海区眼镜行业协会	2019	1
温州市鞋革行业协会	2017	1
湖北省体育场馆建设协会	2017	3
湖北省体育场馆建设协会	2018	1
湖北省体育场馆建设协会	2019	1
湖北省体育设施建设协会	2017	1
湖北省家禽业协会	2020	2
湖北省建筑防水协会	2017	1
湖北省数字家庭产业促进会	2018	1
湖北省数字家庭产业促进会	2019	12
湖北省数字家庭产业促进会	2020	1
湖北省标准化学会	2018	15
湖北省标准化学会	2019	10
湖北省油用牡丹协会	2020	3
湖北省眼镜行业协会	2019	1
湖北省硒资源开发利用促进会	2020	1
湖北省策划行业协会	2019	1
湖北省粮食行业协会	2018	9
湖北省育婴行业协会	2020	1
湖北省软件行业协会	2017	2
湖北省软件行业协会	2019	3
湖北省陆羽茶文化研究会	2017	8
湖南省中药材产业协会	2019	10
湖南省中药材产业协会	2020	1
湖南省化妆品经营行业协会	2019	1
湖南省大湘西茶产业发展促进会	2018	10
湖南省天然饮用水产业协会	2018	2
湖南省室内环境净化行业协会	2018	1
湖南省室内环境净化行业协会	2019	1
湖南省室内环境净化行业协会	2020	1
湖南省富硒生物产业协会	2018	1
湖南省循环经济研究会	2019	2
湖南省技术标准创新促进会	2020	2
湖南省标准化协会	2020	1
湖南省油茶产业协会	2019	1
湖南省涂料工业协会	2017	1
湖南省环境卫生清洁行业协会	2018	1
湖南省环境卫生清洁行业协会	2020	1
湖南省粮食行业协会	2018	6
湖南省节能研究与综合利用协会	2020	2
湖南省茶叶学会	2018	3
湖南省茶叶学会	2019	14
湖南省食品科学技术学会	2020	3
湖南省饲料工业协会	2019	1
湖州市丝绸协会	2018	1
湖州市南浔区地板协会	2018	2
湖州市南浔区地板协会	2019	2
湖州市南浔区练市镇湖羊产业协会	2019	3
湖州市吴兴区织里童装商会	2019	2
湖州市服装行业协会	2019	1
湖州市湖笔协会	2019	1
湛江市标准化协会	2019	5
湛江市标准化协会	2020	1
湛江市水生生物保健品行业协会	2018	9
滁州市旅游行业协会	2019	2
滕州市质量协会	2018	1
滕州市质量协会	2019	6
滨州市沾化区个体私营企业协会	2019	1
滨州市沾化区沾化冬枣协会	2018	5
滨州市沾化区沾化冬枣协会	2019	5
滨州绗绣工艺协会	2018	1
漳州市石文化协会	2018	1
漳平市茶叶协会	2017	1
潍坊市寒亭区西瓜协会	2019	6
潍坊市寒亭区西瓜协会	2020	16
潮州市烹调协会	2018	68
潮州市烹调协会	2019	38
潮州市烹调协会	2020	1
潮州市老字号协会	2018	1
潮州市陶瓷行业协会	2019	1
潮州市陶瓷行业协会	2020	1
灯塔市服装（服饰）行业商会	2018	6
灯塔市服装（服饰）行业商会	2019	4
灵璧县虞姬养鸡协会	2017	1
灵璧县虞姬养鸡协会	2020	1
烟台市物流协会	2017	1
烟台市茶叶协会	2017	1
烟台市葡萄与葡萄酒协会	2018	1
烟台市质量与品牌协会	2019	2
烟台市酿酒师协会	2020	2
环江毛南族自治县柑橘协会	2018	2
环江毛南族自治县柑橘协会	2019	3
珠海市企业与企业家联合会	2017	1
珠海市出租小汽车行业协会	2020	1
珠海市室内环境净化行业协会	2020	1
珠海市斗门区旅游行业协会	2018	2
珠海市标准化协会	2020	1
珠海市特种设备协会	2019	2
珠海市社会体育指导员协会	2018	4
珠海市经济发展促进会	2017	1
珠海市耗材行业协会	2019	2
珠海市耗材行业协会	2020	2
珠海市质量协会	2019	2
瓦房店市复州泵业协会	2017	1
甘肃省机械工程学会	2017	2
甘肃省机械工程学会	2018	6
甘肃省机械工程学会	2019	7
甘肃省清洁能源行业协会	2019	12
甘肃省清洁能源行业协会	2020	1
甘肃省电工技术学会	2018	4
甘肃省酿酒工业协会	2019	1
甘肃省酿酒工业协会	2020	3
白山市工艺美术协会	2017	8
白山市工艺美术协会	2018	3
白山市工艺美术协会	2019	1
白山市蓝莓协会	2018	7
白山市蓝莓协会	2019	4
盐池县滩羊产业发展协会	2018	9
盐津县农业产业化企业协会	2019	2
盘锦北方稻作协会	2016	1
盘锦北方稻作协会	2017	7
盘锦北方稻作协会	2018	9
盘锦北方稻作协会	2019	4
盘锦北方稻作协会	2020	3
盘锦市物流协会	2018	2
盘锦市石油沥青协会	2018	3
石台县硒产业协会	2019	2
石家庄市标准化协会	2017	3
石家庄市标准化协会	2018	13
石家庄市标准化协会	2019	13
石家庄市标准化协会	2020	3
石家庄市计量协会	2018	4
石家庄市食品生产加工行业协会	2018	1
石林彝族自治县烤烟专业化服务协会	2017	24
石柱土家族自治县餐饮协会	2018	1
磐安县茶业协会	2019	1
福安市茶业协会	2018	1
福州经济技术开发区物联网产业协会	2016	1
福州经济技术开发区物联网产业协会	2019	7
福州经济技术开发区物联网产业协会	2020	8
福建省人力资源管理师协会	2020	2
福建省休闲养生保健行业协会	2019	3
福建省公共安全防范行业协会	2019	1
福建省公共设施维护服务行业协会	2018	1
福建省公共设施维护服务行业协会	2019	3
福建省养老助老行业协会	2017	1
福建省古典工艺家具协会	2019	1
福建省培训师协会	2016	1
福建省培训师协会	2019	1
福建省培训师协会	2020	1
福建省宝玉石协会	2018	2
福建省建筑业协会	2019	1
福建省心理咨询师协会	2018	1
福建省新能源科技产业促进会	2019	3
福建省新能源科技产业促进会	2020	1
福建省日用化学品商会	2018	1
福建省标准化信息协会	2018	2
福建省植物学会	2020	1
福建省母乳喂养与乳腺健康协会	2019	1
福建省民宿协会	2019	1
福建省民用无人飞机协会	2017	7
福建省沉香协会	2017	1
福建省生态建设促进会	2018	2
福建省甲醇清洁燃料燃具行业协会	2018	1
福建省软件行业协会	2017	2
福建省风景园林学会	2020	1
福建省食品工业协会	2019	2
紫金县茶叶协会	2020	1
绍兴市上虞区化妆品包装行业协会	2019	1
绍兴市上虞区质量协会	2018	1
绍兴市柯桥区标准计量学会	2017	1
绍兴市柯桥区标准计量学会	2018	2
绍兴市标准化协会	2019	3
绍兴市标准化协会	2020	1
绥化寒地黑土绿色物产协会	2019	2
绵阳市标准计量学会	2018	1
绵阳市标准计量学会	2019	2
绵阳市标准计量学会	2020	1
罗城仫佬族自治县红心猕猴桃协会	2018	2
罗城仫佬族自治县红心猕猴桃协会	2019	2
罗平县油脂行业协会	2019	1
罗平县特色产业协会	2019	2
耒阳市油茶产业协会	2019	1
聊城市钢管产业促进会	2019	3
肇庆市标准化计量协会	2019	6
肇庆市标准化计量协会	2020	4
肇庆市特种设备行业协会	2020	2
肇庆市电子信息行业协会	2019	1
肇庆市质量协会	2018	1
肇庆市高要区质量技术协会	2019	1
肇源县粮食行业协会	2019	2
胶州市大白菜协会	2019	4
自贡市家政协会	2020	9
自贡市沿滩区果蔬协会	2020	2
舒城童车产业协会	2017	1
舟山市水产流通与加工行业协会	2019	2
舟山市水产流通与加工行业协会	2020	1
芦溪县电子商务协会	2020	4
苍溪县猕猴桃协会	2019	1
苍溪县红星渔业协会	2019	1
苏州市升降机械协会	2018	2
苏州市吴江区人力资源服务行业协会	2020	1
苏州市吴江区地板木业商会	2018	3
苏州市吴江区地板木业商会	2019	2
苏州市吴江区电梯行业协会	2018	1
苏州市吴江区管业协会	2019	1
苏州市吴江区震泽蚕丝同业公会	2018	2
苏州市大众餐饮行业协会	2016	2
苏州市大众餐饮行业协会	2017	1
苏州市大众餐饮行业协会	2019	2
苏州市安全技术防范行业协会	2018	3
苏州市安全技术防范行业协会	2020	1
苏州市家俱协会	2018	3
苏州市策划协会	2019	1
苏州市质量检验认证协会	2019	2
茂名市家庭服务业协会	2019	2
茂名市电白区电器商会	2019	2
茂名市罗非鱼协会	2018	1
茂名市食品行业协会	2018	3
茂名市食品行业协会	2019	1
荣成市房车协会	2019	1
莆田市鞋业协会	2018	4
莆田市餐饮烹饪行业协会	2017	2
莒县库山中药材协会	2020	2
莱芜市标准化学会	2019	16
莱芜市节水灌溉产业技术协会	2018	1
莱芜市草莓协会	2018	3
莱芜市钢城区养老协会	2019	1
莱阳梨产业和文化商会	2020	2
营口市包装联合会	2017	1
营口市包装联合会	2019	2
营口市汽车保修设备行业协会	2019	1
营口市鲅鱼圈区塑料行业协会	2017	1
蒙山县沙糖桔产业协会	2019	2
蒙山县百香果产业协会	2019	1
蒙阴县中小企业协会	2019	3
蒙阴县果业协会	2019	9
蓬溪县门业协会	2019	1
蕉岭县餐饮行业协会	2019	1
藤县社会扶贫促进会	2018	5
藤县社会扶贫促进会	2019	2
衡水市冀州区吸塑包装行业协会	2018	1
衢州市食品加工学会	2020	2
襄垣县手工挂面协会	2019	1
襄阳市机械工程学会	2019	3
西充县有机农业产业协会	2018	20
西宁人力资源服务行业协会	2018	4
西安市老年医养结合学会	2020	1
西安技术经理人协会	2016	5
西藏自治区冬虫夏草协会	2019	1
西藏自治区青稞产业协会	2019	4
西藏茶文化协会	2018	3
贵州省体育场地设施建设行业协会	2018	1
贵州省化学化工学会	2017	7
贵州省化学化工学会	2019	3
贵州省化学化工学会	2020	9
贵州省化学工业协会	2016	1
贵州省地理标志研究会	2017	14
贵州省地理标志研究会	2018	20
贵州省地理标志研究会	2019	26
贵州省地理标志研究会	2020	2
贵州省塑料工业协会	2018	1
贵州省天然饮用水行业协会	2019	1
贵州省宝玉石协会	2017	1
贵州省宝玉石协会	2018	1
贵州省家具协会	2017	1
贵州省有机农业学会	2019	6
贵州省标准化协会	2017	1
贵州省标准化协会	2018	1
贵州省标准化协会	2019	1
贵州省水利工程协会	2018	3
贵州省水利工程协会	2019	1
贵州省水利工程协会	2020	2
贵州省物流行业协会	2017	2
贵州省物流行业协会	2018	4
贵州省物流行业协会	2019	3
贵州省特色食品产业促进会	2018	1
贵州省特色食品产业促进会	2019	1
贵州省绿茶品牌发展促进会	2019	4
贵州省绿茶品牌发展促进会	2020	2
贵州省节能减排研究会	2019	1
贵州省装备制造业协会	2020	1
贵州省软件开发行业协会	2019	1
贵州省食品工业协会	2017	22
贵州省食品工业协会	2018	13
贵州省食品工业协会	2019	36
贵港市金边蚂蟥协会	2019	10
贵阳市服务外包及呼叫中心行业协会	2020	1
贵阳市混凝土协会	2017	1
贵阳市混凝土协会	2019	1
费县胡阳蔬菜产业协会	2019	2
费县马庄镇核桃协会	2018	2
赣州市南康区家具协会	2017	2
赣州市有色金属学会	2018	1
赣州市有色金属学会	2020	5
辽宁省奶业协会	2018	1
辽宁省奶业协会	2019	8
辽宁省家具协会	2019	2
辽宁省建筑材料工业协会	2018	1
辽宁省建筑节能环保协会	2017	1
辽宁省建筑节能环保协会	2018	7
辽宁省建筑节能环保协会	2019	11
辽宁省建筑防水材料工业协会	2017	3
辽宁省殡葬协会	2019	4
辽宁省水处理协会	2019	3
辽宁省汽车流通协会	2017	12
辽宁省汽车流通协会	2018	3
辽宁省汽车流通协会	2019	1
辽宁省汽车流通协会	2020	1
辽宁省烟花爆竹协会	2019	1
辽宁省环境保护产业协会	2020	3
辽宁省环境科学学会	2020	1
辽宁省生命科学学会	2019	1
辽宁省电力行业协会	2019	1
辽宁省电梯行业协会	2019	1
辽宁省白酒工业协会	2019	1
辽宁省白酒工业协会	2020	1
辽宁省绿色建筑协会	2018	1
辽宁省绿色建筑协会	2019	1
辽宁省软件行业协会	2016	2
辽宁省食用菌协会	2018	1
辽宁省食用菌协会	2020	4
连江县黄岐鱼丸鱼面行业协会	2020	1
通化葡萄酒协会	2017	3
遂昌县水产协会	2018	1
遂昌县水产协会	2019	1
遵义市茶叶流通行业协会	2018	8
邹城市食用菌协会	2019	2
郑州兰花学会	2019	2
郑州市旅游协会	2019	2
郑州市膏药协会	2016	2
郑州市膏药协会	2018	3
郑州市食品安全协会	2020	2
郴州市茶叶协会	2019	9
都安瑶族自治县加贵乡桑蚕协会	2018	9
都安瑶族自治县加贵乡桑蚕协会	2019	2
醴陵市米粉行业协会	2020	1
醴陵市黑火药行业协会	2018	1
重庆市万州区茶叶协会	2018	3
重庆市万盛经济技术开发区黑山商会	2020	2
重庆市云计算和大数据产业协会	2017	2
重庆市云计算和大数据产业协会	2018	5
重庆市云计算和大数据产业协会	2019	27
重庆市人才研究和人力资源服务协会	2018	6
重庆市农业机械学会	2020	1
重庆市冷藏冷链行业协会	2019	5
重庆市南川区茶叶协会	2018	1
重庆市压缩天然气(CNG)行业协会	2019	1
重庆市合川区玻璃协会	2017	1
重庆市合川区玻璃协会	2018	6
重庆市大足区工商业联合会（总商会）龙水商会	2019	1
重庆市无线电协会	2016	1
重庆市气象学会	2019	2
重庆市永川区茶叶行业协会	2019	2
重庆市渝北区果品营销协会	2020	2
重庆市环境科学学会	2017	2
重庆市研学旅行研究会	2020	4
重庆市粮油行业协会	2020	5
重庆市綦江区横山优质稻产销协会	2019	1
重庆市认证认可协会	2020	2
重庆市铜梁区旅游协会	2018	1
重庆市首席信息官（CIO）协会	2019	2
重庆标准化协会	2020	1
金华市玩具和婴童用品协会	2018	1
金华火腿行业协会	2019	2
金寨灵芝产业协会	2020	5
金湖县仪器仪表协会	2018	1
金湖县龙虾协会	2019	1
钟山县贡柑协会	2019	1
铁岭市橡塑行业协会	2016	1
铁岭市橡塑行业协会	2017	2
铁岭市橡塑行业协会	2018	2
铁岭市橡塑行业协会	2019	2
铜仁市机动车检测行业协会	2018	1
银川互联网+医疗健康协会	2019	6
银川餐饮烹饪业协会	2018	1
银川餐饮烹饪业协会	2020	1
锦州市建筑节能与建设科技协会	2017	1
锦州市果业协会	2016	2
锦州市果业协会	2017	2
锦州市毛皮业协会	2018	3
锦州市烹饪协会	2019	3
锦州市香文化协会	2019	7
镇江市扬中质量技术监督学会	2018	1
长兴县即热式电热水器行业协会	2017	1
长兴县粉体新材料行业协会	2018	2
长垣县起重装备制造行业协会	2018	5
长春市建筑信息化学会	2017	1
长汀县河田鸡产业协会	2019	2
长沙市体育总会	2017	5
长沙市家居协会	2019	1
长沙市家庭服务业协会	2019	1
长沙市旅游饭店业协会	2019	1
长沙市材料产业促进会	2019	1
长沙市材料产业促进会	2020	1
长沙市标准化协会	2018	1
长沙市标准化协会	2019	2
长沙市特种设备安全管理协会	2019	1
长沙市零售商业行业协会	2019	1
长白山天然矿泉水文化研究会	2018	1
长白山天然矿泉水文化研究会	2019	4
阜阳市养老服务行业协会	2020	5
阜阳市蔬菜产业协会	2018	2
防城港市港口区消费者权益保护委员会	2019	1
阳朔民宿协会	2019	1
阳泉市汽车流通行业协会	2017	1
阳谷县光电线缆行业协会	2019	2
阳高县电子商务协会	2020	1
阿拉善左旗苁蓉行业协会	2019	4
阿拉善左旗苁蓉行业协会	2020	2
阿鲁科尔沁草业协会	2018	8
陕西省体育设施行业协会	2017	1
陕西省保安协会	2019	1
陕西省卫生产业监督协会	2019	1
陕西省护理学会	2018	1
陕西省护理学会	2019	2
陕西省有色金属学会	2019	1
陕西省汽车工程学会	2020	1
陕西省清洗保洁协会	2019	1
陕西省爱国主义志愿者协会	2020	1
陕西省航空学会	2019	4
陕西省遗传学会	2018	1
陕西省遗传学会	2019	2
隆昌市酱油协会	2018	1
隆昌稻渔产业协会	2019	1
隆昌豆杆行业协会	2018	1
雅安市烹饪协会	2017	12
霞浦县茶业协会	2020	1
霞浦县食品同业协会	2019	3
青岛市会展经济研究会	2019	7
青岛市农产品营销协会	2019	4
青岛市农产品营销协会	2020	3
青岛市城镇供水节水排水协会	2020	1
青岛市崂山区茶文化研究会	2020	4
青岛市标准化协会	2016	1
青岛市标准化协会	2017	2
青岛市标准化协会	2018	11
青岛市标准化协会	2019	16
青岛市标准化协会	2020	6
青岛市现代服务业联合会	2018	1
青岛市现代服务业联合会	2019	2
青岛市茶文化研究会	2020	4
青岛船东协会	2018	4
青岛船东协会	2019	1
青川县青溪旅游协会	2018	1
青海省农学会	2019	1
青海省标准化协会	2017	2
青海省标准化协会	2018	1
青海省标准化协会	2019	7
青海省标准化协会	2020	3
青海省锂镁产业创新协会	2019	1
鞍山市千山区南果梨产业化发展协会	2017	4
鞍山市工艺美术行业协会	2019	1
韶关市特种设备协会	2019	2
馆陶县艾草协会	2018	3
馆陶县艾草协会	2019	6
馆陶县蔬菜服务协会	2019	2
馆陶县轴承协会	2018	1
馆陶县轴承协会	2019	1
馆陶县黑小麦产业服务协会	2019	1
首都科技服务业协会	2016	1
首都科技服务业协会	2017	2
高安市陶瓷行业协会	2020	4
高州市质量计量协会	2019	2
高淳国际慢城联盟会	2016	1
高邑县陶瓷行业协会	2020	1
高邮市灯具协会	2020	2
高青县汽车刷产业协会	2019	1
麻城市木子店老米酒协会	2019	1
黄岩模具行业协会	2018	2
黎平县茶叶产业协会	2020	3
黑山县禽蛋协会	2019	10
黑龙江省奶业协会	2020	2
黑龙江省机器人运动协会	2020	2
黑龙江省标准技术创新协会	2018	2
黑龙江省电梯安全技术协会	2019	1
黑龙江省粮食行业协会	2017	7
黑龙江省粮食行业协会	2018	2
黑龙江省粮食行业协会	2019	7
黑龙江省装修材料行业协会	2018	1
黑龙江省装修材料行业协会	2019	1
黑龙江省轻工业科学技术协会	2019	6
黑龙江省非物质文化遗产保护学会	2017	1
黑龙江省非物质文化遗产保护学会	2018	1
黑龙江省食品流通商会	2019	1
黔东南州苗侗山珍农产品行业协会	2020	5
黔西南州旅游行业协会	2019	10
齐河县瓜菜协会	2020	1
龙川县油茶产业协会	2020	1
龙泉市农民合作经济组织联合会	2018	1
龙泉市空调汽车配件行业协会	2017	5
龙门县竹业行业协会	2020	2
